robot,corridor_id,global_step,x,y,z,theta,joint_state,control_norm,tracking_error,risk_value,phase,task_state,state_transition,risk_weight,tracking_weight,smoothness_weight,task_weight,feasibility_status
arm,arm_c0001,0,0.26600392688593777,-5.108595860269618e-07,0.3724173115529868,,"[0.26600392688593777, -5.108595860269618e-07, 0.3724173115529868]",0.0,0.33347874500493657,1.3955490389938066,approach,,,1.8,1.0,,1.0,feasible_with_soft_violation
arm,arm_c0001,1,0.26082936686519104,-0.0016408106481501667,0.3640188982983698,,"[0.26082936686519104, -0.0016408106481501667, 0.3640188982983698]",0.10000000000000007,0.4841562848238852,1.4000416763768437,approach,,,1.8,1.0,,1.0,feasible_with_soft_violation
arm,arm_c0001,2,0.2552408420427846,-0.003412334419799435,0.35494861198338346,,"[0.2552408420427846, -0.003412334419799435, 0.35494861198338346]",0.108,0.4733562848238852,1.4048337577680494,approach,,,1.8,1.0,,1.0,feasible_with_soft_violation
arm,arm_c0001,3,0.24965231722037812,-0.005183858191448704,0.3458783256683971,,"[0.24965231722037812, -0.005183858191448704, 0.3458783256683971]",0.108,0.4625562848238851,1.4094665798948198,approach,,,1.8,1.0,,1.0,feasible_with_soft_violation
arm,arm_c0001,4,0.24406379239797166,-0.006955381963097972,0.33680803935341075,,"[0.24406379239797166, -0.006955381963097972, 0.33680803935341075]",0.108,0.45175628482388513,1.4137672034033917,approach,,,1.8,1.0,,1.0,feasible_with_soft_violation
arm,arm_c0001,5,0.2384752675755652,-0.00872690573474724,0.3277377530384244,,"[0.2384752675755652, -0.00872690573474724, 0.3277377530384244]",0.108,0.4409562848238851,1.417585555999323,approach,,,1.8,1.0,,1.0,feasible_with_soft_violation
arm,arm_c0001,6,0.23288674275315874,-0.01049842950639651,0.31866746672343804,,"[0.23288674275315874, -0.01049842950639651, 0.31866746672343804]",0.108,0.4301562848238851,1.4208581712842918,approach,,,1.8,1.0,,1.0,feasible_with_soft_violation
arm,arm_c0001,7,0.22729821793075228,-0.01226995327804578,0.3095971804084517,,"[0.22729821793075228, -0.01226995327804578, 0.3095971804084517]",0.108,0.41935628482388504,1.4235454824781306,approach,,,1.8,1.0,,1.0,feasible_with_soft_violation
arm,arm_c0001,8,0.22170969310834582,-0.014041477049695049,0.30052689409346534,,"[0.22170969310834582, -0.014041477049695049, 0.30052689409346534]",0.108,0.40855628482388506,1.4256317158048466,approach,,,1.8,1.0,,1.0,feasible_with_soft_violation
arm,arm_c0001,9,0.22177567186146702,-0.01474700278755048,0.2920325414303497,,"[0.22177567186146702, -0.01474700278755048, 0.2920325414303497]",0.108,0.4013664443190065,1.4467310264194104,approach,,,1.8,1.0,,1.0,feasible_with_soft_violation
arm,arm_c0001,10,0.2230097669737264,-0.01516714277992988,0.28442881512365503,,"[0.2230097669737264, -0.01516714277992988, 0.28442881512365503]",0.10799999999999996,0.39564117783894176,1.4701232558624056,approach,,,1.8,1.0,,1.0,feasible_with_soft_violation
arm,arm_c0001,11,0.22472681817554563,-0.015424137382558514,0.27772795285505625,,"[0.22472681817554563, -0.015424137382558514, 0.27772795285505625]",0.10799999999999996,0.3910163271433817,1.4933590375413945,approach,,,1.8,1.0,,1.0,feasible_with_soft_violation
arm,arm_c0001,12,0.22672439812494413,-0.015555584197131612,0.2719160193324689,,"[0.22672439812494413, -0.015555584197131612, 0.2719160193324689]",0.10800000000000001,0.38735974517107774,1.5157491583430613,approach,,,1.8,1.0,,1.0,feasible_with_soft_violation
arm,arm_c0001,13,0.2288418260712467,-0.015595301018247338,0.2669348995272122,,"[0.2288418260712467, -0.015595301018247338, 0.2669348995272122]",0.108,0.38451911933011856,1.536814226207063,approach,,,1.8,1.0,,1.0,feasible_with_soft_violation
arm,arm_c0001,14,0.23096093752700453,-0.015571517674854148,0.2627020685539863,,"[0.23096093752700453, -0.015571517674854148, 0.2627020685539863]",0.10799999999999997,0.3823432026692569,1.5562613895281734,approach,,,1.8,1.0,,1.0,feasible_with_soft_violation
arm,arm_c0001,15,0.23300120426625215,-0.015506480164733811,0.2591256750131791,,"[0.23300120426625215, -0.015506480164733811, 0.2591256750131791]",0.10799999999999997,0.38069474179916096,1.5739483313263651,approach,,,1.8,1.0,,1.0,feasible_with_soft_violation
arm,arm_c0001,16,0.2349124524397272,-0.015416912826159633,0.2561145815617554,,"[0.2349124524397272, -0.015416912826159633, 0.2561145815617554]",0.10799999999999993,0.3794564666124734,1.5898449723240513,approach,,,1.8,1.0,,1.0,feasible_with_soft_violation
arm,arm_c0001,17,0.23666734319311244,-0.015314880710632311,0.2535841728437368,,"[0.23666734319311244, -0.015314880710632311, 0.2535841728437368]",0.10799999999999996,0.37853232588833446,1.6039989818511442,approach,,,1.8,1.0,,1.0,feasible_with_soft_violation
arm,arm_c0001,18,0.2382547516440768,-0.015208748440570718,0.25145910717408665,,"[0.2382547516440768, -0.015208748440570718, 0.25145910717408665]",0.10799999999999989,0.3778459954299225,1.616507692951067,approach,,,1.8,1.0,,1.0,feasible_with_soft_violation
arm,arm_c0001,19,0.23967445648688834,-0.015104069219998332,0.24967410315905764,,"[0.23967445648688834, -0.015104069219998332, 0.24967410315905764]",0.108,0.37733814398594784,1.627496798467182,approach,,,1.8,1.0,,1.0,feasible_with_soft_violation
arm,arm_c0001,20,0.2409331408460849,-0.015004333369536913,0.24817359620977586,,"[0.2409331408460849, -0.015004333369536913, 0.24817359620977586]",0.10799999999999998,0.37696338242383376,1.6371050762608765,approach,,,1.8,1.0,,1.0,feasible_with_soft_violation
arm,arm_c0001,21,0.24204151914956457,-0.01491156187015023,0.2469108314238922,,"[0.24204151914956457, -0.01491156187015023, 0.2469108314238922]",0.108,0.37668739145155755,1.645473982499962,approach,,,1.8,1.0,,1.0,feasible_with_soft_violation
arm,arm_c0001,22,0.2430123522440507,-0.014826758125386577,0.24584674297205075,,"[0.2430123522440507, -0.014826758125386577, 0.24584674297205075]",0.10799999999999997,0.3764844430946625,1.652740936329339,approach,,,1.8,1.0,,1.0,feasible_with_soft_violation
arm,arm_c0001,23,0.24385912608090912,-0.014750241647551624,0.2449488179333125,,"[0.24385912608090912, -0.014750241647551624, 0.2449488179333125]",0.108,0.37633537055859223,1.659035278253143,approach,,,1.8,1.0,,1.0,feasible_with_soft_violation
arm,arm_c0001,24,0.24459520747949023,-0.014681888763922768,0.24419004472244163,,"[0.24459520747949023, -0.014681888763922768, 0.24419004472244163]",0.10799999999999997,0.3762259604196217,1.6644760940847019,approach,,,1.8,1.0,,1.0,feasible_with_soft_violation
arm,arm_c0001,25,0.2452333328825781,-0.014621302743909362,0.24354798782221798,,"[0.2452333328825781, -0.014621302743909362, 0.24354798782221798]",0.108,0.3761457079000424,1.6691712962975855,approach,,,1.8,1.0,,1.0,feasible_with_soft_violation
arm,arm_c0001,26,0.24578532368783831,-0.014567931713814557,0.24300399805294082,,"[0.24578532368783831, -0.014567931713814557, 0.24300399805294082]",0.108,0.3760868682954106,1.6732175219546106,approach,,,1.8,1.0,,1.0,feasible_with_soft_violation
arm,arm_c0001,27,0.24626195193943295,-0.014521148684801735,0.24254255112246914,,"[0.24626195193943295, -0.014521148684801735, 0.24254255112246914]",0.10799999999999994,0.37604374207662555,1.6767005367366,approach,,,1.8,1.0,,1.0,feasible_with_soft_violation
arm,arm_c0001,28,0.24672560029356397,-0.014488479372341464,0.24210095841687254,,"[0.24672560029356397, -0.014488479372341464, 0.24210095841687254]",0.10799999999999998,0.3760061588209217,1.680075026476149,approach,,,1.8,1.0,,1.0,feasible_with_soft_violation
arm,arm_c0001,29,0.24717655959146573,-0.014468351019585001,0.2416745335545814,,"[0.24717655959146573, -0.014468351019585001, 0.2416745335545814]",0.108,0.3759709169532922,1.6833532711941936,approach,,,1.8,1.0,,1.0,feasible_with_soft_violation
arm,arm_c0001,30,0.24761508708542243,-0.014458739453888859,0.24126246289530265,,"[0.24761508708542243, -0.014458739453888859, 0.24126246289530265]",0.108,0.37593782446100227,1.6865384542186082,approach,,,1.8,1.0,,1.0,feasible_with_soft_violation
arm,arm_c0001,31,0.24804145361932145,-0.014457916098068242,0.24086401684473263,,"[0.24804145361932145, -0.014457916098068242, 0.24086401684473263]",0.108,0.3759067177673455,1.6896335793139872,approach,,,1.8,1.0,,1.0,feasible_with_soft_violation
arm,arm_c0001,32,0.2484559377651591,-0.014464406113420227,0.24047853609152356,,"[0.2484559377651591, -0.014464406113420227, 0.24047853609152356]",0.10799999999999997,0.3758774538579466,1.692641486718798,approach,,,1.8,1.0,,1.0,feasible_with_soft_violation
arm,arm_c0001,33,0.24885882250196745,-0.014476952078899761,0.24010542155360426,,"[0.24885882250196745, -0.014476952078899761, 0.24010542155360426]",0.108,0.37584990608539337,1.695564870443714,approach,,,1.8,1.0,,1.0,feasible_with_soft_violation
arm,arm_c0001,34,0.2492503926719855,-0.014494482798716393,0.23974412601459155,,"[0.2492503926719855, -0.014494482798716393, 0.23974412601459155]",0.10799999999999997,0.3758239610217101,1.6984062932502133,approach,,,1.8,1.0,,1.0,feasible_with_soft_violation
arm,arm_c0001,35,0.2496309330303244,-0.014516086528886482,0.23939414713538593,,"[0.2496309330303244, -0.014516086528886482, 0.23939414713538593]",0.108,0.3757995160831631,1.7011681996218657,approach,,,1.8,1.0,,1.0,feasible_with_soft_violation
arm,arm_c0001,36,0.2500007267497777,-0.01454098800726758,0.23905502159051392,,"[0.2500007267497777, -0.01454098800726758, 0.23905502159051392]",0.108,0.37577647772507455,1.703852927003151,approach,,,1.8,1.0,,1.0,feasible_with_soft_violation
arm,arm_c0001,37,0.25036005427626257,-0.014568528754426407,0.23872632012892442,,"[0.25036005427626257, -0.014568528754426407, 0.23872632012892442]",0.10799999999999998,0.37575476005804936,1.7064632414380738,approach,,,1.8,1.0,,1.0,feasible_with_soft_violation
arm,arm_c0001,38,0.25070919245563406,-0.014598150185248206,0.23840764339814433,,"[0.25070919245563406, -0.014598150185248206, 0.23840764339814433]",0.108,0.3757342837764495,1.7090017593161895,approach,,,1.8,1.0,,1.0,feasible_with_soft_violation
arm,arm_c0001,39,0.2510484138715221,-0.014629379134469548,0.23809861840150873,,"[0.2510484138715221, -0.014629379134469548, 0.23809861840150873]",0.10799999999999998,0.37571497531889386,1.7114704693677294,approach,,,1.8,1.0,,1.0,feasible_with_soft_violation
arm,arm_c0001,40,0.25137798634802827,-0.014661815454307323,0.2377988954825309,,"[0.25137798634802827, -0.014661815454307323, 0.2377988954825309]",0.10799999999999996,0.37569676620179615,1.7138712899929553,approach,,,1.8,1.0,,1.0,feasible_with_soft_violation
arm,arm_c0001,41,0.2516981725818017,-0.014695121390018627,0.23750814574983345,,"[0.2516981725818017, -0.014695121390018627, 0.23750814574983345]",0.108,0.3756795924825393,1.7162060746067245,approach,,,1.8,1.0,,1.0,feasible_with_soft_violation
arm,arm_c0001,42,0.2520092298760833,-0.01472901248044815,0.23722605887153575,,"[0.2520092298760833, -0.01472901248044815, 0.23722605887153575]",0.10799999999999994,0.3756633943203185,1.718476616275481,approach,,,1.8,1.0,,1.0,feasible_with_soft_violation
arm,arm_c0001,43,0.25231140995542867,-0.014763249766211097,0.23695234118043462,,"[0.25231140995542867, -0.014763249766211097, 0.23695234118043462]",0.10799999999999998,0.3756481156110801,1.7206846517489254,approach,,,1.8,1.0,,1.0,feasible_with_soft_violation
arm,arm_c0001,44,0.25260495884448164,-0.01479763311884735,0.2366867140413757,,"[0.25260495884448164, -0.01479763311884735, 0.2366867140413757]",0.10800000000000001,0.3756337036791416,1.722831864974196,approach,,,1.8,1.0,,1.0,feasible_with_soft_violation
arm,arm_c0001,45,0.25289011679773865,-0.014831995530712544,0.23642891244038874,,"[0.25289011679773865, -0.014831995530712544, 0.23642891244038874]",0.10799999999999996,0.3756201090126036,1.7249198901679277,approach,,,1.8,1.0,,1.0,feasible_with_soft_violation
arm,arm_c0001,46,0.25316711826998745,-0.01486619822811368,0.23617868376184384,,"[0.25316711826998745, -0.01486619822811368, 0.23617868376184384]",0.10799999999999998,0.3756072850329832,1.7269503145108378,approach,,,1.8,1.0,,1.0,feasible_with_soft_violation
arm,arm_c0001,47,0.2534361919192254,-0.014900126489750686,0.23593578672537086,,"[0.2534361919192254, -0.014900126489750686, 0.23593578672537086]",0.108,0.37559518789194485,1.7289246805202219,approach,,,1.8,1.0,,1.0,feasible_with_soft_violation
arm,arm_c0001,48,0.25369756063551197,-0.014933686069327354,0.23569999045880988,,"[0.25369756063551197, -0.014933686069327354, 0.23569999045880988]",0.1079999999999999,0.3755837762897934,1.730844488147782,approach,,,1.8,1.0,,1.0,feasible_with_soft_violation
arm,arm_c0001,49,0.2539514415904989,-0.014966800135624386,0.23547107368721001,,"[0.2539514415904989, -0.014966800135624386, 0.23547107368721001]",0.10799999999999997,0.37557301131172155,1.7327111966433408,approach,,,1.8,1.0,,1.0,feasible_with_soft_violation
arm,arm_c0001,50,0.25419804630339915,-0.01499940665571426,0.23524882402100916,,"[0.25419804630339915, -0.01499940665571426, 0.23524882402100916]",0.10799999999999993,0.37556285627877295,1.7345262262191152,approach,,,1.8,1.0,,1.0,feasible_with_soft_violation
arm,arm_c0001,51,0.2544375807199532,-0.01503145615762632,0.23503303732912945,,"[0.2544375807199532, -0.01503145615762632, 0.23503303732912945]",0.10799999999999996,0.3755532766112037,1.7362909595441094,approach,,,1.8,1.0,,1.0,feasible_with_soft_violation
arm,arm_c0001,52,0.25467024530159815,-0.0150629098178882,0.23482351718490047,,"[0.25467024530159815, -0.0150629098178882, 0.23482351718490047]",0.108,0.37554423970245626,1.738006743093865,approach,,,1.8,1.0,,1.0,feasible_with_soft_violation
arm,arm_c0001,53,0.2548962351225492,-0.015093737827189032,0.23462007437454818,,"[0.2548962351225492, -0.015093737827189032, 0.23462007437454818]",0.10799999999999997,0.3755357148023506,1.7396748883770474,approach,,,1.8,1.0,,1.0,feasible_with_soft_violation
arm,arm_c0001,54,0.25511573997292236,-0.015123917994113296,0.23442252645952838,,"[0.25511573997292236, -0.015123917994113296, 0.23442252645952838]",0.108,0.37552767290839684,1.7412966730571253,approach,,,1.8,1.0,,1.0,feasible_with_soft_violation
arm,arm_c0001,55,0.2553289444663562,-0.015153434552641086,0.23423069738527852,,"[0.2553289444663562, -0.015153434552641086, 0.23423069738527852]",0.10799999999999996,0.3755200866643452,1.7428733419846747,approach,,,1.8,1.0,,1.0,feasible_with_soft_violation
arm,arm_c0001,56,0.2555360281508666,-0.015182277144035274,0.2340444171300602,,"[0.2555360281508666, -0.015182277144035274, 0.2340444171300602]",0.108,0.37551293026526084,1.7444061081534616,approach,,,1.8,1.0,,1.0,feasible_with_soft_violation
arm,arm_c0001,57,0.25573716562188836,-0.015210439947956412,0.233863521388492,,"[0.25573716562188836, -0.015210439947956412, 0.233863521388492]",0.10799999999999998,0.3755061793685281,1.7458961535914548,approach,,,1.8,1.0,,1.0,feasible_with_soft_violation
arm,arm_c0001,58,0.25593252663664073,-0.015237920941261869,0.23368785128515995,,"[0.25593252663664073, -0.015237920941261869, 0.23368785128515995]",0.10799999999999996,0.3754998110102906,1.7473446301961904,approach,,,1.8,1.0,,1.0,feasible_with_soft_violation
arm,arm_c0001,59,0.2561222762291078,-0.015264721266043274,0.23351725311436217,,"[0.2561222762291078, -0.015264721266043274, 0.23351725311436217]",0.108,0.37549380352690015,1.7487526605224433,approach,,,1.8,1.0,,1.0,feasible_with_soft_violation
arm,arm_c0001,60,0.2563065748250458,-0.015290844691109943,0.23335157810261156,,"[0.2563065748250458, -0.015290844691109943, 0.23335157810261156]",0.10799999999999998,0.3754881364810078,1.7501213385289227,approach,,,1.8,1.0,,1.0,feasible_with_soft_violation
arm,arm_c0001,61,0.25648557835653685,-0.015316297153397971,0.23319068219100572,,"[0.25648557835653685, -0.015316297153397971, 0.23319068219100572]",0.10799999999999998,0.37548279059197365,1.7514517302896069,approach,,,1.8,1.0,,1.0,feasible_with_soft_violation
arm,arm_c0001,62,0.2566594383756932,-0.015341086367731764,0.23303442583498313,,"[0.2566594383756932, -0.015341086367731764, 0.23303442583498313]",0.10799999999999997,0.3754777476703074,1.752744874674472,approach,,,1.8,1.0,,1.0,feasible_with_soft_violation
arm,arm_c0001,63,0.25682830216719005,-0.015365221495030761,0.23288267381933864,,"[0.25682830216719005, -0.015365221495030761, 0.23288267381933864]",0.108,0.37547299055588035,1.7540017840035613,approach,,,1.8,1.0,,1.0,feasible_with_soft_violation
arm,arm_c0001,64,0.2569923128593646,-0.015388712860481905,0.2327352950866689,,"[0.2569923128593646, -0.015388712860481905, 0.2327352950866689]",0.108,0.3754685030596745,1.7552234446777124,approach,,,1.8,1.0,,1.0,feasible_with_soft_violation
arm,arm_c0001,65,0.2571516095336704,-0.015411571714420242,0.2325921625776755,,"[0.2571516095336704, -0.015411571714420242, 0.2325921625776755]",0.10799999999999998,0.37546426990885085,1.7564108177886948,approach,,,1.8,1.0,,1.0,feasible_with_soft_violation
arm,arm_c0001,66,0.2573063273323199,-0.01543381002970625,0.2324531530819724,,"[0.2573063273323199, -0.01543381002970625, 0.2324531530819724]",0.108,0.3754602766949424,1.757564839711061,approach,,,1.8,1.0,,1.0,feasible_with_soft_violation
arm,arm_c0001,67,0.25745659756398087,-0.01545544033028486,0.2323181470982292,,"[0.25745659756398087, -0.01545544033028486, 0.2323181470982292]",0.10799999999999994,0.3754565098249833,1.758686422677596,approach,,,1.8,1.0,,1.0,feasible_with_soft_violation
arm,arm_c0001,68,0.2576025478074271,-0.015476475546377268,0.23218702870264535,,"[0.2576025478074271, -0.015476475546377268, 0.23218702870264535]",0.10799999999999998,0.37545295647540666,1.759776455339956,approach,,,1.8,1.0,,1.0,feasible_with_soft_violation
arm,arm_c0001,69,0.25774430201306486,-0.015496928892413992,0.23205968542488237,,"[0.25774430201306486, -0.015496928892413992, 0.23205968542488237]",0.10799999999999994,0.37544960454854903,1.760835803315766,approach,,,1.8,1.0,,1.0,feasible_with_soft_violation
arm,arm_c0001,70,0.2578819806022815,-0.015516813764379028,0.23193600813070298,,"[0.2578819806022815, -0.015516813764379028, 0.23193600813070298]",0.10799999999999994,0.3754464426316135,1.7618653097232597,approach,,,1.8,1.0,,1.0,feasible_with_soft_violation
arm,arm_c0001,71,0.25801570056457745,-0.015536143653716538,0.23181589091066238,,"[0.25801570056457745, -0.015536143653716538, 0.23181589091066238]",0.10799999999999998,0.37544345995794975,1.7628657957043212,approach,,,1.8,1.0,,1.0,feasible_with_soft_violation
arm,arm_c0001,72,0.25879921720316185,-0.023091148723382485,0.23341967904104777,,"[0.25879921720316185, -0.023091148723382485, 0.23341967904104777]",0.10799999999999996,0.3126393619268204,1.7598265563862998,approach,,,1.8,1.0,,1.0,feasible_with_soft_violation
arm,arm_c0001,73,0.2599457602663489,-0.029684246176219578,0.23527977569937092,,"[0.2599457602663489, -0.029684246176219578, 0.23527977569937092]",0.108,0.30799283367669805,1.7574141324314299,approach,,,1.8,1.0,,1.0,feasible_with_soft_violation
arm,arm_c0001,74,0.26131028109739496,-0.0353435725693537,0.23724100882624455,,"[0.26131028109739496, -0.0353435725693537, 0.23724100882624455]",0.10799999999999997,0.3043500322678932,1.7556140108787206,approach,,,1.8,1.0,,1.0,feasible_with_soft_violation
arm,arm_c0001,75,0.2627761554466433,-0.040142126687210435,0.23918682714538092,,"[0.2627761554466433, -0.040142126687210435, 0.23918682714538092]",0.108,0.3015497074505981,1.7543770395648264,approach,,,1.8,1.0,,1.0,feasible_with_soft_violation
arm,arm_c0001,76,0.2642569682550387,-0.04417613147726444,0.24103772809795143,,"[0.2642569682550387, -0.04417613147726444, 0.24103772809795143]",0.108,0.2994304341280919,1.753633101725312,approach,,,1.8,1.0,,1.0,feasible_with_soft_violation
arm,arm_c0001,77,0.2656935701007537,-0.04754878126647098,0.24274535023874705,,"[0.2656935701007537, -0.04754878126647098, 0.24274535023874705]",0.10799999999999994,0.297845904175039,1.7533037433409457,approach,,,1.8,1.0,,1.0,feasible_with_soft_violation
arm,arm_c0001,78,0.2670489652947251,-0.05035977564876173,0.24428512458432397,,"[0.2670489652947251, -0.05035977564876173, 0.24428512458432397]",0.10799999999999994,0.2966719956948819,1.7533115432130586,approach,,,1.8,1.0,,1.0,feasible_with_soft_violation
arm,arm_c0001,79,0.2683028249518208,-0.052699632857886744,0.24564929870667407,,"[0.2683028249518208, -0.052699632857886744, 0.24564929870667407]",0.108,0.2958081525778999,1.7535858484002462,approach,,,1.8,1.0,,1.0,feasible_with_soft_violation
arm,arm_c0001,80,0.26944659782582847,-0.054647354575322604,0.24684117135288033,,"[0.26944659782582847, -0.054647354575322604, 0.24684117135288033]",0.10799999999999996,0.2951755396424984,1.7540655044871232,approach,,,1.8,1.0,,1.0,feasible_with_soft_violation
arm,arm_c0001,81,0.27047958801914984,-0.05627015082412848,0.24787073158332334,,"[0.27047958801914984, -0.05627015082412848, 0.24787073158332334]",0.10799999999999996,0.29471378975721996,1.7546995168613024,approach,,,1.8,1.0,,1.0,feasible_with_soft_violation
arm,arm_c0001,82,0.2714060192382966,-0.05762426908265706,0.24875156636453855,,"[0.2714060192382966, -0.05762426908265706, 0.24875156636453855]",0.108,0.2943774554228303,1.755446494091299,approach,,,1.8,1.0,,1.0,feasible_with_soft_violation
arm,arm_c0001,83,0.27223294682725474,-0.05875630618059981,0.24949878112588358,,"[0.27223294682725474, -0.05875630618059981, 0.24949878112588358]",0.10799999999999998,0.2941327374911443,1.756273499534829,approach,,,1.8,1.0,,1.0,feasible_with_soft_violation
arm,arm_c0001,84,0.2737831156323318,-0.07153449479888999,0.23796918342701712,,"[0.2737831156323318, -0.07153449479888999, 0.23796918342701712]",0.108,0.2801637186595783,1.7710460591749664,approach,,,1.8,1.0,,1.0,feasible_with_soft_violation
arm,arm_c0001,85,0.268666752790923,-0.08012826423280042,0.23389365178171756,,"[0.268666752790923, -0.08012826423280042, 0.23389365178171756]",0.108,0.2693637186595783,1.737870574976323,approach,,,1.8,1.0,,1.0,feasible_with_soft_violation
arm,arm_c0001,86,0.2635503899495142,-0.08872203366671085,0.229818120136418,,"[0.2635503899495142, -0.08872203366671085, 0.229818120136418]",0.10799999999999998,0.25856371865957833,1.7060550403677635,approach,,,1.8,1.0,,1.0,feasible_with_soft_violation
arm,arm_c0001,87,0.25843402710810537,-0.09731580310062127,0.22574258849111845,,"[0.25843402710810537, -0.09731580310062127, 0.22574258849111845]",0.108,0.24776371865957827,1.6759231061515032,approach,,,1.8,1.0,,1.0,feasible_with_soft_violation
arm,arm_c0001,88,0.2533176642666966,-0.1059095725345317,0.2216670568458189,,"[0.2533176642666966, -0.1059095725345317, 0.2216670568458189]",0.10799999999999996,0.2369637186595783,1.64770151757853,approach,,,1.8,1.0,,1.0,feasible_with_soft_violation
arm,arm_c0001,89,0.24820130142528782,-0.11450334196844214,0.21759152520051933,,"[0.24820130142528782, -0.11450334196844214, 0.21759152520051933]",0.108,0.2261637186595783,1.6215097488185646,approach,,,1.8,1.0,,1.0,feasible_with_soft_violation
arm,arm_c0001,90,0.24308493858387903,-0.12309711140235258,0.21351599355521977,,"[0.24308493858387903, -0.12309711140235258, 0.21351599355521977]",0.108,0.2153637186595783,1.5972265567569042,approach,,,1.8,1.0,,1.0,feasible_with_soft_violation
arm,arm_c0001,91,0.23796857574247024,-0.131690880836263,0.20944046190992022,,"[0.23796857574247024, -0.131690880836263, 0.20944046190992022]",0.108,0.2045637186595783,1.5747699979633283,approach,,,1.8,1.0,,1.0,feasible_with_soft_violation
arm,arm_c0001,92,0.23285221290106145,-0.14028465027017345,0.20536493026462066,,"[0.23285221290106145, -0.14028465027017345, 0.20536493026462066]",0.108,0.19376371865957828,1.55404572843103,approach,,,1.8,1.0,,1.0,feasible_with_soft_violation
arm,arm_c0001,93,0.22773585005965266,-0.1488784197040839,0.2012893986193211,,"[0.22773585005965266, -0.1488784197040839, 0.2012893986193211]",0.108,0.18296371865957828,1.5349135856929514,approach,,,1.8,1.0,,1.0,feasible_with_soft_violation
arm,arm_c0001,94,0.22261948721824387,-0.15747218913799432,0.19721386697402155,,"[0.22261948721824387, -0.15747218913799432, 0.19721386697402155]",0.108,0.17216371865957827,1.5172015156623235,approach,,,1.8,1.0,,1.0,feasible_with_soft_violation
arm,arm_c0001,95,0.21750312437683508,-0.16606595857190476,0.193138335328722,,"[0.21750312437683508, -0.16606595857190476, 0.193138335328722]",0.108,0.1613637186595783,1.5007184858369018,approach,,,1.8,1.0,,1.0,feasible_with_soft_violation
arm,arm_c0001,96,0.2123867615354263,-0.1746597280058152,0.18906280368342243,,"[0.2123867615354263, -0.1746597280058152, 0.18906280368342243]",0.108,0.1505637186595783,1.4852658008838902,approach,,,1.8,1.0,,1.0,feasible_with_soft_violation
arm,arm_c0001,97,0.2072703986940175,-0.18325349743972563,0.18498727203812287,,"[0.2072703986940175, -0.18325349743972563, 0.18498727203812287]",0.108,0.1397637186595783,1.4706464680196527,approach,,,1.8,1.0,,1.0,feasible_with_soft_violation
arm,arm_c0001,98,0.20215403585260872,-0.19184726687363607,0.18091174039282332,,"[0.20215403585260872, -0.19184726687363607, 0.18091174039282332]",0.108,0.12896371865957829,1.4566724716955552,approach,,,1.8,1.0,,1.0,feasible_with_soft_violation
arm,arm_c0001,99,0.19703767301119993,-0.2004410363075465,0.17683620874752376,,"[0.19703767301119993, -0.2004410363075465, 0.17683620874752376]",0.108,0.11816371865957827,1.4431699946297027,approach,,,1.8,1.0,,1.0,feasible_with_soft_violation
arm,arm_c0001,100,0.19192131016979114,-0.20903480574145694,0.1727606771022242,,"[0.19192131016979114, -0.20903480574145694, 0.1727606771022242]",0.108,0.10736371865957828,1.4299827567227852,approach,,,1.8,1.0,,1.0,feasible_with_soft_violation
arm,arm_c0001,101,0.18680494732838235,-0.21762857517536738,0.16868514545692465,,"[0.18680494732838235, -0.21762857517536738, 0.16868514545692465]",0.108,0.09656371865957827,1.4169737326422664,approach,,,1.8,1.0,,1.0,feasible_with_soft_violation
arm,arm_c0001,102,0.18168858448697356,-0.22622234460927781,0.1646096138116251,,"[0.18168858448697356, -0.22622234460927781, 0.1646096138116251]",0.108,0.08576371865957827,1.404025555676971,approach,,,1.8,1.0,,1.0,feasible_with_soft_violation
arm,arm_c0001,103,0.17657222164556477,-0.23481611404318825,0.16053408216632553,,"[0.17657222164556477, -0.23481611404318825, 0.16053408216632553]",0.108,0.07496371865957827,1.391039926207886,approach,,,1.8,1.0,,1.0,feasible_with_soft_violation
arm,arm_c0001,104,0.17145585880415598,-0.2434098834770987,0.15645855052102597,,"[0.17145585880415598, -0.2434098834770987, 0.15645855052102597]",0.108,0.06416371865957828,1.377936326126878,approach,,,1.8,1.0,,1.0,feasible_with_soft_violation
arm,arm_c0001,105,0.1663394959627472,-0.2520036529110091,0.15238301887572642,,"[0.1663394959627472, -0.2520036529110091, 0.15238301887572642]",0.10799999999999998,0.053363718659578264,1.3646503046360277,approach,,,1.8,1.0,,1.0,feasible_with_soft_violation
arm,arm_c0001,106,0.1612231331213384,-0.26059742234491956,0.14830748723042686,,"[0.1612231331213384, -0.26059742234491956, 0.14830748723042686]",0.108,0.04256371865957826,1.3511315544023612,approach,,,1.8,1.0,,1.0,feasible_with_soft_violation
arm,arm_c0001,107,0.1561067702799296,-0.26919119177883,0.1442319555851273,,"[0.1561067702799296, -0.26919119177883, 0.1442319555851273]",0.108,0.03176371865957826,1.337341947061611,approach,,,1.8,1.0,,1.0,feasible_with_soft_violation
arm,arm_c0001,108,0.15099040743852082,-0.27778496121274043,0.14015642393982772,,"[0.15099040743852082, -0.27778496121274043, 0.14015642393982772]",0.108,0.02096371865957825,1.3232536489200293,approach,,,1.8,1.0,,1.0,feasible_with_soft_violation
arm,arm_c0001,109,0.14587404459711203,-0.28637873064665087,0.13608089229452816,,"[0.14587404459711203, -0.28637873064665087, 0.13608089229452816]",0.108,0.010163718659578248,1.3088473949971964,approach,,,1.8,1.0,,1.0,feasible_with_soft_violation
arm,arm_c0001,110,0.141059111960038,-0.29446619867920165,0.1322454703472103,,"[0.141059111960038, -0.29446619867920165, 0.1322454703472103]",0.10163718659578247,0.0,1.2949884536486858,approach,,,1.8,1.0,,1.0,feasible_with_soft_violation
arm,arm_c0001,111,0.14098155232426843,-0.294596472791465,0.13218368881220685,,"[0.14098155232426843, -0.294596472791465, 0.13218368881220685]",0.0016371865957824294,0.00016371865957824001,1.2947627825823425,approach,,,1.8,1.0,,1.0,feasible_with_soft_violation
arm,arm_c0001,112,0.141059111960038,-0.29446619867920165,0.1322454703472103,,"[0.141059111960038, -0.29446619867920165, 0.1322454703472103]",0.0016371865957824003,0.0,1.2949884536486858,approach,,,1.8,1.0,,1.0,feasible_with_soft_violation
arm,arm_c0001,113,0.141059111960038,-0.29446619867920165,0.1322454703472103,,"[0.141059111960038, -0.29446619867920165, 0.1322454703472103]",0.0,0.0,1.2949884536486858,approach,,,1.8,1.0,,1.0,feasible_with_soft_violation
arm,arm_c0001,114,0.141059111960038,-0.29446619867920165,0.1322454703472103,,"[0.141059111960038, -0.29446619867920165, 0.1322454703472103]",0.0,0.0,1.2949884536486858,approach,,,1.8,1.0,,1.0,feasible_with_soft_violation
arm,arm_c0001,115,0.141059111960038,-0.29446619867920165,0.1322454703472103,,"[0.141059111960038, -0.29446619867920165, 0.1322454703472103]",0.0,0.0,1.2949884536486858,approach,,,1.8,1.0,,1.0,feasible_with_soft_violation
arm,arm_c0001,116,0.141059111960038,-0.29446619867920165,0.1322454703472103,,"[0.141059111960038, -0.29446619867920165, 0.1322454703472103]",0.0,0.0,1.2949884536486858,approach,,,1.8,1.0,,1.0,feasible_with_soft_violation
arm,arm_c0001,117,0.141059111960038,-0.29446619867920165,0.1322454703472103,,"[0.141059111960038, -0.29446619867920165, 0.1322454703472103]",0.0,0.0,1.2949884536486858,approach,,,1.8,1.0,,1.0,feasible_with_soft_violation
arm,arm_c0001,118,0.141059111960038,-0.29446619867920165,0.1322454703472103,,"[0.141059111960038, -0.29446619867920165, 0.1322454703472103]",0.0,0.0,1.2949884536486858,approach,,,1.8,1.0,,1.0,feasible_with_soft_violation
arm,arm_c0001,119,0.141059111960038,-0.29446619867920165,0.1322454703472103,,"[0.141059111960038, -0.29446619867920165, 0.1322454703472103]",0.0,0.0,1.2949884536486858,approach,,,1.8,1.0,,1.0,feasible_with_soft_violation
arm,arm_c0001,120,0.141059111960038,-0.29446619867920165,0.1322454703472103,,"[0.141059111960038, -0.29446619867920165, 0.1322454703472103]",0.0,0.0,1.2949884536486858,approach,,,1.8,1.0,,1.0,feasible_with_soft_violation
arm,arm_c0001,121,0.141059111960038,-0.29446619867920165,0.1322454703472103,,"[0.141059111960038, -0.29446619867920165, 0.1322454703472103]",0.0,0.0,1.2949884536486858,approach,,,1.8,1.0,,1.0,feasible_with_soft_violation
arm,arm_c0001,122,0.141059111960038,-0.29446619867920165,0.1322454703472103,,"[0.141059111960038, -0.29446619867920165, 0.1322454703472103]",0.0,0.0,1.2949884536486858,approach,,,1.8,1.0,,1.0,feasible_with_soft_violation
arm,arm_c0001,123,0.141059111960038,-0.29446619867920165,0.1322454703472103,,"[0.141059111960038, -0.29446619867920165, 0.1322454703472103]",0.0,0.0,1.2949884536486858,approach,,,1.8,1.0,,1.0,feasible_with_soft_violation
arm,arm_c0001,124,0.141059111960038,-0.29446619867920165,0.1322454703472103,,"[0.141059111960038, -0.29446619867920165, 0.1322454703472103]",0.0,0.0,1.2949884536486858,approach,,,1.8,1.0,,1.0,feasible_with_soft_violation
arm,arm_c0001,125,0.141059111960038,-0.29446619867920165,0.1322454703472103,,"[0.141059111960038, -0.29446619867920165, 0.1322454703472103]",0.0,0.0,1.2949884536486858,approach,,,1.8,1.0,,1.0,feasible_with_soft_violation
arm,arm_c0001,126,0.14781322507858288,-0.2873361646800903,0.13412817349784684,,"[0.14781322507858288, -0.2873361646800903, 0.13412817349784684]",0.10000000000000006,0.40299410173346084,1.315116177844308,approach,,,1.8,1.0,,1.0,feasible_with_soft_violation
arm,arm_c0001,127,0.15510766724661135,-0.2796357279610501,0.1361614929005343,,"[0.15510766724661135, -0.2796357279610501, 0.1361614929005343]",0.108,0.3921941017334608,1.3365212774319781,approach,,,1.8,1.0,,1.0,feasible_with_soft_violation
arm,arm_c0001,128,0.1624021094146398,-0.2719352912420098,0.13819481230322178,,"[0.1624021094146398, -0.2719352912420098, 0.13819481230322178]",0.10800000000000001,0.38139410173346083,1.3575875481627424,approach,,,1.8,1.0,,1.0,feasible_with_soft_violation
arm,arm_c0001,129,0.16969655158266828,-0.2642348545229696,0.14022813170590925,,"[0.16969655158266828, -0.2642348545229696, 0.14022813170590925]",0.108,0.37059410173346075,1.3783321249588756,approach,,,1.8,1.0,,1.0,feasible_with_soft_violation
arm,arm_c0001,130,0.17699099375069674,-0.2565344178039293,0.14226145110859673,,"[0.17699099375069674, -0.2565344178039293, 0.14226145110859673]",0.108,0.35979410173346077,1.398784967179598,approach,,,1.8,1.0,,1.0,feasible_with_soft_violation
arm,arm_c0001,131,0.1842854359187252,-0.2488339810848891,0.1442947705112842,,"[0.1842854359187252, -0.2488339810848891, 0.1442947705112842]",0.10799999999999998,0.34899410173346074,1.4189918332042355,approach,,,1.8,1.0,,1.0,feasible_with_soft_violation
arm,arm_c0001,132,0.19157987808675367,-0.24113354436584888,0.14632808991397167,,"[0.19157987808675367, -0.24113354436584888, 0.14632808991397167]",0.108,0.33819410173346076,1.4390177073795885,approach,,,1.8,1.0,,1.0,feasible_with_soft_violation
arm,arm_c0001,133,0.19887432025478213,-0.23343310764680866,0.14836140931665914,,"[0.19887432025478213, -0.23343310764680866, 0.14836140931665914]",0.10799999999999998,0.32739410173346073,1.4589506298219959,approach,,,1.8,1.0,,1.0,feasible_with_soft_violation
arm,arm_c0001,134,0.20616876242281057,-0.22573267092776844,0.15039472871934662,,"[0.20616876242281057, -0.22573267092776844, 0.15039472871934662]",0.10799999999999992,0.31659410173346075,1.4789058181873356,approach,,,1.8,1.0,,1.0,feasible_with_soft_violation
arm,arm_c0001,135,0.21346320459083903,-0.21803223420872822,0.1524280481220341,,"[0.21346320459083903, -0.21803223420872822, 0.1524280481220341]",0.10799999999999998,0.3057941017334608,1.499029893008089,approach,,,1.8,1.0,,1.0,feasible_with_soft_violation
arm,arm_c0001,136,0.2207576467588675,-0.210331797489688,0.15446136752472156,,"[0.2207576467588675, -0.210331797489688, 0.15446136752472156]",0.108,0.29499410173346075,1.5195049268266116,approach,,,1.8,1.0,,1.0,feasible_with_soft_violation
arm,arm_c0001,137,0.22805208892689596,-0.20263136077064778,0.15649468692740903,,"[0.22805208892689596, -0.20263136077064778, 0.15649468692740903]",0.108,0.28419410173346077,1.5405519373210272,approach,,,1.8,1.0,,1.0,feasible_with_soft_violation
arm,arm_c0001,138,0.23534653109492443,-0.19493092405160756,0.1585280063300965,,"[0.23534653109492443, -0.19493092405160756, 0.1585280063300965]",0.108,0.2733941017334608,1.5624333445139689,approach,,,1.8,1.0,,1.0,feasible_with_soft_violation
arm,arm_c0001,139,0.24264097326295286,-0.18723048733256734,0.16056132573278398,,"[0.24264097326295286, -0.18723048733256734, 0.16056132573278398]",0.10799999999999993,0.26259410173346076,1.5854538240947629,approach,,,1.8,1.0,,1.0,feasible_with_soft_violation
arm,arm_c0001,140,0.2499354154309813,-0.17953005061352711,0.16259464513547145,,"[0.2499354154309813, -0.17953005061352711, 0.16259464513547145]",0.1079999999999999,0.2517941017334608,1.6099589281381483,approach,,,1.8,1.0,,1.0,feasible_with_soft_violation
arm,arm_c0001,141,0.25722985759900974,-0.1718296138944869,0.16462796453815892,,"[0.25722985759900974, -0.1718296138944869, 0.16462796453815892]",0.10799999999999993,0.2409941017334608,1.6366000968357268,approach,,,1.8,1.0,,1.0,feasible_with_soft_violation
arm,arm_c0001,142,0.2645242997670382,-0.16412917717544667,0.1666612839408464,,"[0.2645242997670382, -0.16412917717544667, 0.1666612839408464]",0.10799999999999993,0.23019410173346083,1.6660607743379476,approach,,,1.8,1.0,,1.0,feasible_with_soft_violation
arm,arm_c0001,143,0.2718187419350666,-0.15642874045640645,0.16869460334353387,,"[0.2718187419350666, -0.15642874045640645, 0.16869460334353387]",0.10799999999999992,0.21939410173346083,1.6987582670292136,approach,,,1.8,1.0,,1.0,feasible_with_soft_violation
arm,arm_c0001,144,0.27911318410309505,-0.14872830373736623,0.17072792274622134,,"[0.27911318410309505, -0.14872830373736623, 0.17072792274622134]",0.10799999999999993,0.20859410173346085,1.7351097336604642,approach,,,1.8,1.0,,1.0,feasible_with_soft_violation
arm,arm_c0001,145,0.2864076262711235,-0.141027867018326,0.1727612421489088,,"[0.2864076262711235, -0.141027867018326, 0.1727612421489088]",0.10799999999999994,0.19779410173346088,1.7755121996863352,approach,,,1.8,1.0,,1.0,feasible_with_soft_violation
arm,arm_c0001,146,0.2937020684391519,-0.1333274302992858,0.17479456155159628,,"[0.2937020684391519, -0.1333274302992858, 0.17479456155159628]",0.10799999999999992,0.18699410173346087,1.8203188104582098,approach,,,1.8,1.0,,1.0,feasible_with_soft_violation
arm,arm_c0001,147,0.30099651060718036,-0.12562699358024557,0.17682788095428376,,"[0.30099651060718036, -0.12562699358024557, 0.17682788095428376]",0.10799999999999994,0.1761941017334609,1.8698122133819677,approach,,,1.8,1.0,,1.0,feasible_with_soft_violation
arm,arm_c0001,148,0.3082909527752088,-0.11792655686120533,0.17886120035697123,,"[0.3082909527752088, -0.11792655686120533, 0.17886120035697123]",0.10799999999999997,0.1653941017334609,1.924176404371901,approach,,,1.8,1.0,,1.0,feasible_with_soft_violation
arm,arm_c0001,149,0.31558539494323723,-0.1102261201421651,0.1808945197596587,,"[0.31558539494323723, -0.1102261201421651, 0.1808945197596587]",0.10799999999999997,0.1545941017334609,1.983468816202225,approach,,,1.8,1.0,,1.0,feasible_with_soft_violation
arm,arm_c0001,150,0.32287983711126567,-0.10252568342312486,0.18292783916234617,,"[0.32287983711126567, -0.10252568342312486, 0.18292783916234617]",0.10799999999999997,0.1437941017334609,2.0475947876774883,approach,,,1.8,1.0,,1.0,feasible_with_soft_violation
arm,arm_c0001,151,0.3301742792792941,-0.09482524670408463,0.18496115856503365,,"[0.3301742792792941, -0.09482524670408463, 0.18496115856503365]",0.10799999999999997,0.1329941017334609,2.116286773980164,approach,,,1.8,1.0,,1.0,feasible_with_soft_violation
arm,arm_c0001,152,0.33746872144732254,-0.0871248099850444,0.18699447796772112,,"[0.33746872144732254, -0.0871248099850444, 0.18699447796772112]",0.10799999999999993,0.12219410173346093,2.1890906862574253,approach,,,1.8,1.0,,1.0,feasible_with_soft_violation
arm,arm_c0001,153,0.344763163615351,-0.07942437326600418,0.1890277973704086,,"[0.344763163615351, -0.07942437326600418, 0.1890277973704086]",0.10799999999999992,0.11139410173346094,2.2653615421994004,approach,,,1.8,1.0,,1.0,feasible_with_soft_violation
arm,arm_c0001,154,0.3520576057833794,-0.07172393654696396,0.19106111677309606,,"[0.3520576057833794, -0.07172393654696396, 0.19106111677309606]",0.10799999999999992,0.10059410173346096,2.344270150474787,approach,,,1.8,1.0,,1.0,feasible_with_soft_violation
arm,arm_c0001,155,0.35935204795140785,-0.06402349982792374,0.19309443617578353,,"[0.35935204795140785, -0.06402349982792374, 0.19309443617578353]",0.10799999999999993,0.08979410173346097,2.4248218500062526,approach,,,1.8,1.0,,1.0,feasible_with_soft_violation
arm,arm_c0001,156,0.3666464901194363,-0.05632306310888351,0.195127755578471,,"[0.3666464901194363, -0.05632306310888351, 0.195127755578471]",0.10799999999999994,0.07899410173346098,2.5058874212726296,approach,,,1.8,1.0,,1.0,feasible_with_soft_violation
arm,arm_c0001,157,0.3739409322874647,-0.04862262638984329,0.19716107498115845,,"[0.3739409322874647, -0.04862262638984329, 0.19716107498115845]",0.10799999999999989,0.06819410173346101,2.5862452529643467,approach,,,1.8,1.0,,1.0,feasible_with_soft_violation
arm,arm_c0001,158,0.38123537445549316,-0.04092218967080307,0.1991943943838459,,"[0.38123537445549316, -0.04092218967080307, 0.1991943943838459]",0.1079999999999999,0.057394101733461024,2.664632780642648,approach,,,1.8,1.0,,1.0,feasible_with_soft_violation
arm,arm_c0001,159,0.38852981662352165,-0.033221752951762856,0.20122771378653337,,"[0.38852981662352165, -0.033221752951762856, 0.20122771378653337]",0.108,0.046594101733461006,2.739804227445482,approach,,,1.8,1.0,,1.0,feasible_with_soft_violation
arm,arm_c0001,160,0.3958242587915501,-0.025521316232722635,0.2032610331892208,,"[0.3958242587915501, -0.025521316232722635, 0.2032610331892208]",0.10799999999999989,0.03579410173346102,2.8105908856576916,approach,,,1.8,1.0,,1.0,feasible_with_soft_violation
arm,arm_c0001,161,0.4031187009595786,-0.01782087951368242,0.20529435259190829,,"[0.4031187009595786, -0.01782087951368242, 0.20529435259190829]",0.10800000000000001,0.024994101733461012,2.8759596848983464,approach,,,1.8,1.0,,1.0,feasible_with_soft_violation
arm,arm_c0001,162,0.410413143127607,-0.010120442794642193,0.20732767199459573,,"[0.410413143127607, -0.010120442794642193, 0.20732767199459573]",0.10799999999999992,0.014194101733461025,2.935065673430628,approach,,,1.8,1.0,,1.0,feasible_with_soft_violation
arm,arm_c0001,163,0.4177075852956355,-0.002420006075601982,0.2093609913972832,,"[0.4177075852956355, -0.002420006075601982, 0.2093609913972832]",0.108,0.0033941017334610107,2.9872943302833828,approach,,,1.8,1.0,,1.0,feasible_with_soft_violation
arm,arm_c0001,164,0.42,0.0,0.21,,"[0.42, 0.0, 0.21]",0.0339410173346101,0.0,3.0022238708948743,approach,,,1.8,1.0,,1.0,feasible_with_soft_violation
arm,arm_c0001,165,0.42,0.0,0.21,,"[0.42, 0.0, 0.21]",0.0,0.0,3.0022238708948743,approach,,,1.8,1.0,,1.0,feasible_with_soft_violation
arm,arm_c0001,166,0.42,0.0,0.21,,"[0.42, 0.0, 0.21]",0.0,0.0,3.0022238708948743,approach,,,1.8,1.0,,1.0,feasible_with_soft_violation
arm,arm_c0001,167,0.42,0.0,0.21,,"[0.42, 0.0, 0.21]",0.0,0.0,3.0022238708948743,approach,,,1.8,1.0,,1.0,feasible_with_soft_violation
arm,arm_c0001,168,0.42,0.0,0.21,,"[0.42, 0.0, 0.21]",0.0,0.0,3.0022238708948743,approach,,,1.8,1.0,,1.0,feasible_with_soft_violation
arm,arm_c0001,169,0.42,0.0,0.21,,"[0.42, 0.0, 0.21]",0.0,0.0,3.0022238708948743,approach,,,1.8,1.0,,1.0,feasible_with_soft_violation
arm,arm_c0001,170,0.42,0.0,0.21,,"[0.42, 0.0, 0.21]",0.0,0.0,3.0022238708948743,approach,,,1.8,1.0,,1.0,feasible_with_soft_violation
arm,arm_c0001,171,0.42,0.0,0.21,,"[0.42, 0.0, 0.21]",0.0,0.0,3.0022238708948743,approach,,,1.8,1.0,,1.0,feasible_with_soft_violation
arm,arm_c0001,172,0.42,0.0,0.21,,"[0.42, 0.0, 0.21]",0.0,0.0,3.0022238708948743,approach,,,1.8,1.0,,1.0,feasible_with_soft_violation
arm,arm_c0001,173,0.42,0.0,0.21,,"[0.42, 0.0, 0.21]",0.0,0.0,3.0022238708948743,approach,,,1.8,1.0,,1.0,feasible_with_soft_violation
arm,arm_c0001,174,0.42,0.0,0.21,,"[0.42, 0.0, 0.21]",0.0,0.0,3.0022238708948743,approach,,,1.8,1.0,,1.0,feasible_with_soft_violation
arm,arm_c0001,175,0.42,0.0,0.21,,"[0.42, 0.0, 0.21]",0.0,0.0,3.0022238708948743,approach,,,1.8,1.0,,1.0,feasible_with_soft_violation
arm,arm_c0001,176,0.42,0.0,0.21,,"[0.42, 0.0, 0.21]",0.0,0.0,3.0022238708948743,approach,,,1.8,1.0,,1.0,feasible_with_soft_violation
arm,arm_c0001,177,0.42,0.0,0.21,,"[0.42, 0.0, 0.21]",0.0,0.0,3.0022238708948743,approach,,,1.8,1.0,,1.0,feasible_with_soft_violation
arm,arm_c0001,178,0.42,0.0,0.21,,"[0.42, 0.0, 0.21]",0.0,0.0,3.0022238708948743,approach,,,1.8,1.0,,1.0,feasible_with_soft_violation
arm,arm_c0001,179,0.42,0.0,0.21,,"[0.42, 0.0, 0.21]",0.0,0.0,3.0022238708948743,approach,,,1.8,1.0,,1.0,feasible_with_soft_violation
arm,arm_c0001,180,0.42,0.0,0.21,,"[0.42, 0.0, 0.21]",0.0,0.0,3.0022238708948743,approach,,,1.8,1.0,,1.0,feasible_with_soft_violation
arm,arm_c0001,181,0.42,0.0,0.21,,"[0.42, 0.0, 0.21]",0.0,0.0,3.0022238708948743,approach,,,1.8,1.0,,1.0,feasible_with_soft_violation
arm,arm_c0001,182,0.42,0.0,0.21,,"[0.42, 0.0, 0.21]",0.0,0.0,3.0022238708948743,approach,,,1.8,1.0,,1.0,feasible_with_soft_violation
arm,arm_c0001,183,0.42,0.0,0.21,,"[0.42, 0.0, 0.21]",0.0,0.0,3.0022238708948743,approach,,,1.8,1.0,,1.0,feasible_with_soft_violation
arm,arm_c0001,184,0.42,0.0,0.21,,"[0.42, 0.0, 0.21]",0.0,0.0,3.0022238708948743,approach,,,1.8,1.0,,1.0,feasible_with_soft_violation
arm,arm_c0001,185,0.42,0.0,0.21,,"[0.42, 0.0, 0.21]",0.0,0.0,3.0022238708948743,approach,,,1.8,1.0,,1.0,feasible_with_soft_violation
arm,arm_c0001,186,0.42,0.0,0.21,,"[0.42, 0.0, 0.21]",0.0,0.0,3.0022238708948743,approach,,,1.8,1.0,,1.0,feasible_with_soft_violation
arm,arm_c0001,187,0.42,0.0,0.21,,"[0.42, 0.0, 0.21]",0.0,0.0,3.0022238708948743,approach,,,1.8,1.0,,1.0,feasible_with_soft_violation
arm,arm_c0001,188,0.42,0.0,0.21,,"[0.42, 0.0, 0.21]",0.0,0.0,3.0022238708948743,approach,,,1.8,1.0,,1.0,feasible_with_soft_violation
arm,arm_c0001,189,0.42,0.0,0.21,,"[0.42, 0.0, 0.21]",0.0,0.0,3.0022238708948743,approach,,,1.8,1.0,,1.0,feasible_with_soft_violation
arm,arm_c0001,190,0.42,0.0,0.21,,"[0.42, 0.0, 0.21]",0.0,0.0,3.0022238708948743,approach,,,1.8,1.0,,1.0,feasible_with_soft_violation
arm,arm_c0001,191,0.42,0.0,0.21,,"[0.42, 0.0, 0.21]",0.0,0.0,3.0022238708948743,approach,,,1.8,1.0,,1.0,feasible_with_soft_violation
arm,arm_c0001,192,0.42,0.0,0.21,,"[0.42, 0.0, 0.21]",0.0,0.0,3.0022238708948743,approach,,,1.8,1.0,,1.0,feasible_with_soft_violation
arm,arm_c0001,193,0.42,0.0,0.21,,"[0.42, 0.0, 0.21]",0.0,0.0,3.0022238708948743,approach,,,1.8,1.0,,1.0,feasible_with_soft_violation
arm,arm_c0001,194,0.42,0.0,0.21,,"[0.42, 0.0, 0.21]",0.0,0.0,3.0022238708948743,approach,,,1.8,1.0,,1.0,feasible_with_soft_violation
arm,arm_c0001,195,0.42,0.0,0.21,,"[0.42, 0.0, 0.21]",0.0,0.0,3.0022238708948743,approach,,,1.8,1.0,,1.0,feasible_with_soft_violation
arm,arm_c0001,196,0.42,0.0,0.21,,"[0.42, 0.0, 0.21]",0.0,0.0,3.0022238708948743,approach,,,1.8,1.0,,1.0,feasible_with_soft_violation
arm,arm_c0001,197,0.42,0.0,0.21,,"[0.42, 0.0, 0.21]",0.0,0.0,3.0022238708948743,approach,,,1.8,1.0,,1.0,feasible_with_soft_violation
arm,arm_c0001,198,0.42,0.0,0.21,,"[0.42, 0.0, 0.21]",0.0,0.0,3.0022238708948743,approach,,,1.8,1.0,,1.0,feasible_with_soft_violation
arm,arm_c0001,199,0.42,0.0,0.21,,"[0.42, 0.0, 0.21]",0.0,0.0,3.0022238708948743,approach,,,1.8,1.0,,1.0,feasible_with_soft_violation
arm,arm_c0001,200,0.42,0.0,0.21,,"[0.42, 0.0, 0.21]",0.0,0.0,3.0022238708948743,approach,,,1.8,1.0,,1.0,feasible_with_soft_violation
arm,arm_c0001,201,0.42,0.0,0.21,,"[0.42, 0.0, 0.21]",0.0,0.0,3.0022238708948743,approach,,,1.8,1.0,,1.0,feasible_with_soft_violation
arm,arm_c0001,202,0.42,0.0,0.21,,"[0.42, 0.0, 0.21]",0.0,0.0,3.0022238708948743,approach,,,1.8,1.0,,1.0,feasible_with_soft_violation
arm,arm_c0001,203,0.42,0.0,0.21,,"[0.42, 0.0, 0.21]",0.0,0.0,3.0022238708948743,approach,,,1.8,1.0,,1.0,feasible_with_soft_violation
arm,arm_c0001,204,0.42,0.0,0.21,,"[0.42, 0.0, 0.21]",0.0,0.0,3.0022238708948743,approach,,,1.8,1.0,,1.0,feasible_with_soft_violation
arm,arm_c0001,205,0.42,0.0,0.21,,"[0.42, 0.0, 0.21]",0.0,0.0,3.0022238708948743,approach,,,1.8,1.0,,1.0,feasible_with_soft_violation
arm,arm_c0001,206,0.42,0.0,0.21,,"[0.42, 0.0, 0.21]",0.0,0.0,3.0022238708948743,approach,,,1.8,1.0,,1.0,feasible_with_soft_violation
arm,arm_c0001,207,0.42,0.0,0.21,,"[0.42, 0.0, 0.21]",0.0,0.0,3.0022238708948743,approach,,,1.8,1.0,,1.0,feasible_with_soft_violation
arm,arm_c0001,208,0.42,0.0,0.21,,"[0.42, 0.0, 0.21]",0.0,0.0,3.0022238708948743,approach,,,1.8,1.0,,1.0,feasible_with_soft_violation
arm,arm_c0001,209,0.42,0.0,0.21,,"[0.42, 0.0, 0.21]",0.0,0.0,3.0022238708948743,approach,,,1.8,1.0,,1.0,feasible_with_soft_violation
arm,arm_c0001,210,0.42,0.0,0.21,,"[0.42, 0.0, 0.21]",0.0,0.0,3.0022238708948743,approach,,,1.8,1.0,,1.0,feasible_with_soft_violation
arm,arm_c0001,211,0.42,0.0,0.21,,"[0.42, 0.0, 0.21]",0.0,0.0,3.0022238708948743,approach,,,1.8,1.0,,1.0,feasible_with_soft_violation
arm,arm_c0001,212,0.42,0.0,0.21,,"[0.42, 0.0, 0.21]",0.0,0.0,3.0022238708948743,approach,,,1.8,1.0,,1.0,feasible_with_soft_violation
arm,arm_c0001,213,0.42,0.0,0.21,,"[0.42, 0.0, 0.21]",0.0,0.0,3.0022238708948743,approach,,,1.8,1.0,,1.0,feasible_with_soft_violation
arm,arm_c0001,214,0.42,0.0,0.21,,"[0.42, 0.0, 0.21]",0.0,0.0,3.0022238708948743,approach,,,1.8,1.0,,1.0,feasible_with_soft_violation
arm,arm_c0001,215,0.42,0.0,0.21,,"[0.42, 0.0, 0.21]",0.0,0.0,3.0022238708948743,approach,,,1.8,1.0,,1.0,feasible_with_soft_violation
arm,arm_c0001,216,0.42,0.0,0.21,,"[0.42, 0.0, 0.21]",0.0,0.0,3.0022238708948743,approach,,,1.8,1.0,,1.0,feasible_with_soft_violation
arm,arm_c0001,217,0.42,0.0,0.21,,"[0.42, 0.0, 0.21]",0.0,0.0,3.0022238708948743,approach,,,1.8,1.0,,1.0,feasible_with_soft_violation
arm,arm_c0001,218,0.42,0.0,0.21,,"[0.42, 0.0, 0.21]",0.0,0.0,3.0022238708948743,approach,,,1.8,1.0,,1.0,feasible_with_soft_violation
arm,arm_c0001,219,0.42,0.0,0.21,,"[0.42, 0.0, 0.21]",0.0,0.0,3.0022238708948743,approach,,,1.8,1.0,,1.0,feasible_with_soft_violation
arm,arm_c0001,220,0.42,0.0,0.21,,"[0.42, 0.0, 0.21]",0.0,0.0,3.0022238708948743,approach,,,1.8,1.0,,1.0,feasible_with_soft_violation
arm,arm_c0001,221,0.42,0.0,0.21,,"[0.42, 0.0, 0.21]",0.0,0.0,3.0022238708948743,approach,,,1.8,1.0,,1.0,feasible_with_soft_violation
arm,arm_c0001,222,0.42,0.0,0.21,,"[0.42, 0.0, 0.21]",0.0,0.0,3.0022238708948743,approach,,,1.8,1.0,,1.0,feasible_with_soft_violation
arm,arm_c0001,223,0.42,0.0,0.21,,"[0.42, 0.0, 0.21]",0.0,0.0,3.0022238708948743,approach,,,1.8,1.0,,1.0,feasible_with_soft_violation
arm,arm_c0001,224,0.42,0.0,0.21,,"[0.42, 0.0, 0.21]",0.0,0.0,3.0022238708948743,approach,,,1.8,1.0,,1.0,feasible_with_soft_violation
arm,arm_c0001,225,0.42,0.0,0.21,,"[0.42, 0.0, 0.21]",0.0,0.0,3.0022238708948743,approach,,,1.8,1.0,,1.0,feasible_with_soft_violation
arm,arm_c0001,226,0.42,0.0,0.21,,"[0.42, 0.0, 0.21]",0.0,0.0,3.0022238708948743,approach,,,1.8,1.0,,1.0,feasible_with_soft_violation
arm,arm_c0001,227,0.42,0.0,0.21,,"[0.42, 0.0, 0.21]",0.0,0.0,3.0022238708948743,approach,,,1.8,1.0,,1.0,feasible_with_soft_violation
arm,arm_c0001,228,0.42,0.0,0.21,,"[0.42, 0.0, 0.21]",0.0,0.0,3.0022238708948743,approach,,,1.8,1.0,,1.0,feasible_with_soft_violation
arm,arm_c0001,229,0.42,0.0,0.21,,"[0.42, 0.0, 0.21]",0.0,0.0,3.0022238708948743,approach,,,1.8,1.0,,1.0,feasible_with_soft_violation
arm,arm_c0001,230,0.42,0.0,0.21,,"[0.42, 0.0, 0.21]",0.0,0.0,3.0022238708948743,approach,,,1.8,1.0,,1.0,feasible_with_soft_violation
arm,arm_c0001,231,0.42,0.0,0.21,,"[0.42, 0.0, 0.21]",0.0,0.0,3.0022238708948743,handover,,,0.7,3.0,,3.0,feasible_with_soft_violation
arm,arm_c0001,232,0.42,0.0,0.21,,"[0.42, 0.0, 0.21]",0.0,0.0,3.0022238708948743,handover,,,0.7,3.0,,3.0,feasible_with_soft_violation
arm,arm_c0001,233,0.42,0.0,0.21,,"[0.42, 0.0, 0.21]",0.0,0.0,3.0022238708948743,handover,,,0.7,3.0,,3.0,feasible_with_soft_violation
arm,arm_c0001,234,0.42,0.0,0.21,,"[0.42, 0.0, 0.21]",0.0,0.0,3.0022238708948743,handover,,,0.7,3.0,,3.0,feasible_with_soft_violation
arm,arm_c0001,235,0.42,0.0,0.21,,"[0.42, 0.0, 0.21]",0.0,0.0,3.0022238708948743,handover,,,0.7,3.0,,3.0,feasible_with_soft_violation
arm,arm_c0001,236,0.42,0.0,0.21,,"[0.42, 0.0, 0.21]",0.0,0.0,3.0022238708948743,handover,,,0.7,3.0,,3.0,feasible_with_soft_violation
arm,arm_c0001,237,0.42,0.0,0.21,,"[0.42, 0.0, 0.21]",0.0,0.0,3.0022238708948743,handover,,,0.7,3.0,,3.0,feasible_with_soft_violation
arm,arm_c0001,238,0.42,0.0,0.21,,"[0.42, 0.0, 0.21]",0.0,0.0,3.0022238708948743,handover,,,0.7,3.0,,3.0,feasible_with_soft_violation
arm,arm_c0001,239,0.42,0.0,0.21,,"[0.42, 0.0, 0.21]",0.0,0.0,3.0022238708948743,handover,,,0.7,3.0,,3.0,feasible_with_soft_violation
arm,arm_c0001,240,0.42,0.0,0.21,,"[0.42, 0.0, 0.21]",0.0,0.0,3.0022238708948743,handover,,,0.7,3.0,,3.0,feasible_with_soft_violation
arm,arm_c0001,241,0.42,0.0,0.21,,"[0.42, 0.0, 0.21]",0.0,0.0,3.0022238708948743,handover,,,0.7,3.0,,3.0,feasible_with_soft_violation
arm,arm_c0001,242,0.42,0.0,0.21,,"[0.42, 0.0, 0.21]",0.0,0.0,3.0022238708948743,handover,,,0.7,3.0,,3.0,feasible_with_soft_violation
arm,arm_c0001,243,0.4125722405029292,-0.006597153068440148,0.20885721382347994,,"[0.4125722405029292, -0.006597153068440148, 0.20885721382347994]",0.10000000000000005,0.012738406820665309,2.951726567558146,return,,,1.8,1.0,,1.0,feasible_with_soft_violation
arm,arm_c0001,244,0.4033948097367066,-0.012157236015856797,0.21008205754781284,,"[0.4033948097367066, -0.012157236015856797, 0.21008205754781284]",0.10799999999999994,0.004518775861830211,2.883217537603819,return,,,1.8,1.0,,1.0,feasible_with_soft_violation
arm,arm_c0001,245,0.3959993921907506,-0.013966331927126204,0.21378759069396505,,"[0.3959993921907506, -0.013966331927126204, 0.21378759069396505]",0.08467349325050817,0.0,2.8248088757667364,return,,,1.8,1.0,,1.0,feasible_with_soft_violation
arm,arm_c0001,246,0.39244385914664875,-0.013449060374269678,0.21698064289048485,,"[0.39244385914664875, -0.013449060374269678, 0.21698064289048485]",0.04806762675314289,0.0,2.7952412767982944,return,,,1.8,1.0,,1.0,feasible_with_soft_violation
arm,arm_c0001,247,0.38888832610254687,-0.012931788821413152,0.22017369508700468,,"[0.38888832610254687, -0.012931788821413152, 0.22017369508700468]",0.04806762675314349,0.0,2.76419964273842,return,,,1.8,1.0,,1.0,feasible_with_soft_violation
arm,arm_c0001,248,0.385332793058445,-0.012414517268556625,0.22336674728352449,,"[0.385332793058445, -0.012414517268556625, 0.22336674728352449]",0.0480676267531433,0.0,2.731758154594684,return,,,1.8,1.0,,1.0,feasible_with_soft_violation
arm,arm_c0001,249,0.3817772600143431,-0.0118972457157001,0.2265597994800443,,"[0.3817772600143431, -0.0118972457157001, 0.2265597994800443]",0.0480676267531433,0.0,2.6979997769119968,return,,,1.8,1.0,,1.0,feasible_with_soft_violation
arm,arm_c0001,250,0.37822172697024126,-0.011379974162843573,0.22975285167656412,,"[0.37822172697024126, -0.011379974162843573, 0.22975285167656412]",0.04806762675314308,0.0,2.6630154740127443,return,,,1.8,1.0,,1.0,feasible_with_soft_violation
arm,arm_c0001,251,0.37466619392613937,-0.010862702609987047,0.23294590387308392,,"[0.37466619392613937, -0.010862702609987047, 0.23294590387308392]",0.0480676267531433,0.0,2.626903341616597,return,,,1.8,1.0,,1.0,feasible_with_soft_violation
arm,arm_c0001,252,0.3711106608820375,-0.010345431057130521,0.23613895606960372,,"[0.3711106608820375, -0.010345431057130521, 0.23613895606960372]",0.0480676267531433,0.0,2.589767667071567,return,,,1.8,1.0,,1.0,feasible_with_soft_violation
arm,arm_c0001,253,0.3711106608820375,-0.010345431057130521,0.23613895606960372,,"[0.3711106608820375, -0.010345431057130521, 0.23613895606960372]",0.0,0.0,2.589767667071567,return,,,1.8,1.0,,1.0,feasible_with_soft_violation
arm,arm_c0001,254,0.3711106608820375,-0.010345431057130521,0.23613895606960372,,"[0.3711106608820375, -0.010345431057130521, 0.23613895606960372]",0.0,0.0,2.589767667071567,return,,,1.8,1.0,,1.0,feasible_with_soft_violation
arm,arm_c0001,255,0.3711106608820375,-0.010345431057130521,0.23613895606960372,,"[0.3711106608820375, -0.010345431057130521, 0.23613895606960372]",0.0,0.0,2.589767667071567,return,,,1.8,1.0,,1.0,feasible_with_soft_violation
arm,arm_c0001,256,0.3711106608820375,-0.010345431057130521,0.23613895606960372,,"[0.3711106608820375, -0.010345431057130521, 0.23613895606960372]",0.0,0.0,2.589767667071567,return,,,1.8,1.0,,1.0,feasible_with_soft_violation
arm,arm_c0001,257,0.3675551278379356,-0.009828159504273995,0.23933200826612355,,"[0.3675551278379356, -0.009828159504273995, 0.23933200826612355]",0.04806762675314349,0.0,2.5517179323599373,return,,,1.8,1.0,,1.0,feasible_with_soft_violation
arm,arm_c0001,258,0.3675551278379356,-0.009828159504273995,0.23933200826612355,,"[0.3675551278379356, -0.009828159504273995, 0.23933200826612355]",0.0,0.0,2.5517179323599373,return,,,1.8,1.0,,1.0,feasible_with_soft_violation
arm,arm_c0001,259,0.3675551278379356,-0.009828159504273995,0.23933200826612355,,"[0.3675551278379356, -0.009828159504273995, 0.23933200826612355]",0.0,0.0,2.5517179323599373,return,,,1.8,1.0,,1.0,feasible_with_soft_violation
arm,arm_c0001,260,0.3675551278379356,-0.009828159504273995,0.23933200826612355,,"[0.3675551278379356, -0.009828159504273995, 0.23933200826612355]",0.0,0.0,2.5517179323599373,return,,,1.8,1.0,,1.0,feasible_with_soft_violation
arm,arm_c0001,261,0.36399959479383376,-0.00931088795141747,0.24252506046264335,,"[0.36399959479383376, -0.00931088795141747, 0.24252506046264335]",0.04806762675314289,0.0,2.5128677746975656,return,,,1.8,1.0,,1.0,feasible_with_soft_violation
arm,arm_c0001,262,0.36399959479383376,-0.00931088795141747,0.24252506046264335,,"[0.36399959479383376, -0.00931088795141747, 0.24252506046264335]",0.0,0.0,2.5128677746975656,return,,,1.8,1.0,,1.0,feasible_with_soft_violation
arm,arm_c0001,263,0.36399959479383376,-0.00931088795141747,0.24252506046264335,,"[0.36399959479383376, -0.00931088795141747, 0.24252506046264335]",0.0,0.0,2.5128677746975656,return,,,1.8,1.0,,1.0,feasible_with_soft_violation
arm,arm_c0001,264,0.36399959479383376,-0.00931088795141747,0.24252506046264335,,"[0.36399959479383376, -0.00931088795141747, 0.24252506046264335]",0.0,0.0,2.5128677746975656,return,,,1.8,1.0,,1.0,feasible_with_soft_violation
arm,arm_c0001,265,0.36399959479383376,-0.00931088795141747,0.24252506046264335,,"[0.36399959479383376, -0.00931088795141747, 0.24252506046264335]",0.0,0.0,2.5128677746975656,return,,,1.8,1.0,,1.0,feasible_with_soft_violation
arm,arm_c0001,266,0.36044406174973187,-0.008793616398560944,0.24571811265916316,,"[0.36044406174973187, -0.008793616398560944, 0.24571811265916316]",0.0480676267531433,0.0,2.4733339199147863,return,,,1.8,1.0,,1.0,feasible_with_soft_violation
arm,arm_c0001,267,0.36044406174973187,-0.008793616398560944,0.24571811265916316,,"[0.36044406174973187, -0.008793616398560944, 0.24571811265916316]",0.0,0.0,2.4733339199147863,return,,,1.8,1.0,,1.0,feasible_with_soft_violation
arm,arm_c0001,268,0.36044406174973187,-0.008793616398560944,0.24571811265916316,,"[0.36044406174973187, -0.008793616398560944, 0.24571811265916316]",0.0,0.0,2.4733339199147863,return,,,1.8,1.0,,1.0,feasible_with_soft_violation
arm,arm_c0001,269,0.36044406174973187,-0.008793616398560944,0.24571811265916316,,"[0.36044406174973187, -0.008793616398560944, 0.24571811265916316]",0.0,0.0,2.4733339199147863,return,,,1.8,1.0,,1.0,feasible_with_soft_violation
arm,arm_c0001,270,0.35688852870563,-0.008276344845704418,0.248911164855683,,"[0.35688852870563, -0.008276344845704418, 0.248911164855683]",0.04806762675314349,0.0,2.433235103890532,return,,,1.8,1.0,,1.0,feasible_with_soft_violation
arm,arm_c0001,271,0.35688852870563,-0.008276344845704418,0.248911164855683,,"[0.35688852870563, -0.008276344845704418, 0.248911164855683]",0.0,0.0,2.433235103890532,return,,,1.8,1.0,,1.0,feasible_with_soft_violation
arm,arm_c0001,272,0.35688852870563,-0.008276344845704418,0.248911164855683,,"[0.35688852870563, -0.008276344845704418, 0.248911164855683]",0.0,0.0,2.433235103890532,return,,,1.8,1.0,,1.0,feasible_with_soft_violation
arm,arm_c0001,273,0.35688852870563,-0.008276344845704418,0.248911164855683,,"[0.35688852870563, -0.008276344845704418, 0.248911164855683]",0.0,0.0,2.433235103890532,return,,,1.8,1.0,,1.0,feasible_with_soft_violation
arm,arm_c0001,274,0.35688852870563,-0.008276344845704418,0.248911164855683,,"[0.35688852870563, -0.008276344845704418, 0.248911164855683]",0.0,0.0,2.433235103890532,return,,,1.8,1.0,,1.0,feasible_with_soft_violation
arm,arm_c0001,275,0.3533329956615281,-0.007759073292847892,0.2521042170522028,,"[0.3533329956615281, -0.007759073292847892, 0.2521042170522028]",0.04806762675314349,0.0,2.39269099711352,return,,,1.8,1.0,,1.0,feasible_with_soft_violation
arm,arm_c0001,276,0.3533329956615281,-0.007759073292847892,0.2521042170522028,,"[0.3533329956615281, -0.007759073292847892, 0.2521042170522028]",0.0,0.0,2.39269099711352,return,,,1.8,1.0,,1.0,feasible_with_soft_violation
arm,arm_c0001,277,0.3533329956615281,-0.007759073292847892,0.2521042170522028,,"[0.3533329956615281, -0.007759073292847892, 0.2521042170522028]",0.0,0.0,2.39269099711352,return,,,1.8,1.0,,1.0,feasible_with_soft_violation
arm,arm_c0001,278,0.3533329956615281,-0.007759073292847892,0.2521042170522028,,"[0.3533329956615281, -0.007759073292847892, 0.2521042170522028]",0.0,0.0,2.39269099711352,return,,,1.8,1.0,,1.0,feasible_with_soft_violation
arm,arm_c0001,279,0.3533329956615281,-0.007759073292847892,0.2521042170522028,,"[0.3533329956615281, -0.007759073292847892, 0.2521042170522028]",0.0,0.0,2.39269099711352,return,,,1.8,1.0,,1.0,feasible_with_soft_violation
arm,arm_c0001,280,0.34977746261742626,-0.007241801739991364,0.2552972692487226,,"[0.34977746261742626, -0.007241801739991364, 0.2552972692487226]",0.04806762675314271,0.0,2.351821146977083,return,,,1.8,1.0,,1.0,feasible_with_soft_violation
arm,arm_c0001,281,0.34977746261742626,-0.007241801739991364,0.2552972692487226,,"[0.34977746261742626, -0.007241801739991364, 0.2552972692487226]",0.0,0.0,2.351821146977083,return,,,1.8,1.0,,1.0,feasible_with_soft_violation
arm,arm_c0001,282,0.34977746261742626,-0.007241801739991364,0.2552972692487226,,"[0.34977746261742626, -0.007241801739991364, 0.2552972692487226]",0.0,0.0,2.351821146977083,return,,,1.8,1.0,,1.0,feasible_with_soft_violation
arm,arm_c0001,283,0.34977746261742626,-0.007241801739991364,0.2552972692487226,,"[0.34977746261742626, -0.007241801739991364, 0.2552972692487226]",0.0,0.0,2.351821146977083,return,,,1.8,1.0,,1.0,feasible_with_soft_violation
arm,arm_c0001,284,0.34622192957332437,-0.006724530187134838,0.2584903214452424,,"[0.34622192957332437, -0.006724530187134838, 0.2584903214452424]",0.04806762675314349,0.0,2.310743951694729,return,,,1.8,1.0,,1.0,feasible_with_soft_violation
arm,arm_c0001,285,0.34622192957332437,-0.006724530187134838,0.2584903214452424,,"[0.34622192957332437, -0.006724530187134838, 0.2584903214452424]",0.0,0.0,2.310743951694729,return,,,1.8,1.0,,1.0,feasible_with_soft_violation
arm,arm_c0001,286,0.34622192957332437,-0.006724530187134838,0.2584903214452424,,"[0.34622192957332437, -0.006724530187134838, 0.2584903214452424]",0.0,0.0,2.310743951694729,return,,,1.8,1.0,,1.0,feasible_with_soft_violation
arm,arm_c0001,287,0.34622192957332437,-0.006724530187134838,0.2584903214452424,,"[0.34622192957332437, -0.006724530187134838, 0.2584903214452424]",0.0,0.0,2.310743951694729,return,,,1.8,1.0,,1.0,feasible_with_soft_violation
arm,arm_c0001,288,0.3426663965292225,-0.006207258634278314,0.26168337364176225,,"[0.3426663965292225, -0.006207258634278314, 0.26168337364176225]",0.04806762675314348,0.0,2.2695756787743777,return,,,1.8,1.0,,1.0,feasible_with_soft_violation
arm,arm_c0001,289,0.3426663965292225,-0.006207258634278314,0.26168337364176225,,"[0.3426663965292225, -0.006207258634278314, 0.26168337364176225]",0.0,0.0,2.2695756787743777,return,,,1.8,1.0,,1.0,feasible_with_soft_violation
arm,arm_c0001,290,0.3426663965292225,-0.006207258634278314,0.26168337364176225,,"[0.3426663965292225, -0.006207258634278314, 0.26168337364176225]",0.0,0.0,2.2695756787743777,return,,,1.8,1.0,,1.0,feasible_with_soft_violation
arm,arm_c0001,291,0.3426663965292225,-0.006207258634278314,0.26168337364176225,,"[0.3426663965292225, -0.006207258634278314, 0.26168337364176225]",0.0,0.0,2.2695756787743777,return,,,1.8,1.0,,1.0,feasible_with_soft_violation
arm,arm_c0001,292,0.3426663965292225,-0.006207258634278314,0.26168337364176225,,"[0.3426663965292225, -0.006207258634278314, 0.26168337364176225]",0.0,0.0,2.2695756787743777,return,,,1.8,1.0,,1.0,feasible_with_soft_violation
arm,arm_c0001,293,0.3391108634851206,-0.0056899870814217865,0.2648764258382821,,"[0.3391108634851206, -0.0056899870814217865, 0.2648764258382821]",0.04806762675314349,0.0,2.228429539837458,return,,,1.8,1.0,,1.0,feasible_with_soft_violation
arm,arm_c0001,294,0.3391108634851206,-0.0056899870814217865,0.2648764258382821,,"[0.3391108634851206, -0.0056899870814217865, 0.2648764258382821]",0.0,0.0,2.228429539837458,return,,,1.8,1.0,,1.0,feasible_with_soft_violation
arm,arm_c0001,295,0.3391108634851206,-0.0056899870814217865,0.2648764258382821,,"[0.3391108634851206, -0.0056899870814217865, 0.2648764258382821]",0.0,0.0,2.228429539837458,return,,,1.8,1.0,,1.0,feasible_with_soft_violation
arm,arm_c0001,296,0.3391108634851206,-0.0056899870814217865,0.2648764258382821,,"[0.3391108634851206, -0.0056899870814217865, 0.2648764258382821]",0.0,0.0,2.228429539837458,return,,,1.8,1.0,,1.0,feasible_with_soft_violation
arm,arm_c0001,297,0.33555533044101876,-0.005172715528565261,0.26806947803480186,,"[0.33555533044101876, -0.005172715528565261, 0.26806947803480186]",0.04806762675314271,0.0,2.1874148322453544,return,,,1.8,1.0,,1.0,feasible_with_soft_violation
arm,arm_c0001,298,0.33555533044101876,-0.005172715528565261,0.26806947803480186,,"[0.33555533044101876, -0.005172715528565261, 0.26806947803480186]",0.0,0.0,2.1874148322453544,return,,,1.8,1.0,,1.0,feasible_with_soft_violation
arm,arm_c0001,299,0.33555533044101876,-0.005172715528565261,0.26806947803480186,,"[0.33555533044101876, -0.005172715528565261, 0.26806947803480186]",0.0,0.0,2.1874148322453544,return,,,1.8,1.0,,1.0,feasible_with_soft_violation
arm,arm_c0001,300,0.33555533044101876,-0.005172715528565261,0.26806947803480186,,"[0.33555533044101876, -0.005172715528565261, 0.26806947803480186]",0.0,0.0,2.1874148322453544,return,,,1.8,1.0,,1.0,feasible_with_soft_violation
arm,arm_c0001,301,0.33555533044101876,-0.005172715528565261,0.26806947803480186,,"[0.33555533044101876, -0.005172715528565261, 0.26806947803480186]",0.0,0.0,2.1874148322453544,return,,,1.8,1.0,,1.0,feasible_with_soft_violation
arm,arm_c0001,302,0.3319997973969169,-0.004655443975708735,0.2712625302313217,,"[0.3319997973969169, -0.004655443975708735, 0.2712625302313217]",0.04806762675314349,0.0,2.146636156533485,return,,,1.8,1.0,,1.0,feasible_with_soft_violation
arm,arm_c0001,303,0.3319997973969169,-0.004655443975708735,0.2712625302313217,,"[0.3319997973969169, -0.004655443975708735, 0.2712625302313217]",0.0,0.0,2.146636156533485,return,,,1.8,1.0,,1.0,feasible_with_soft_violation
arm,arm_c0001,304,0.3319997973969169,-0.004655443975708735,0.2712625302313217,,"[0.3319997973969169, -0.004655443975708735, 0.2712625302313217]",0.0,0.0,2.146636156533485,return,,,1.8,1.0,,1.0,feasible_with_soft_violation
arm,arm_c0001,305,0.3319997973969169,-0.004655443975708735,0.2712625302313217,,"[0.3319997973969169, -0.004655443975708735, 0.2712625302313217]",0.0,0.0,2.146636156533485,return,,,1.8,1.0,,1.0,feasible_with_soft_violation
arm,arm_c0001,306,0.3319997973969169,-0.004655443975708735,0.2712625302313217,,"[0.3319997973969169, -0.004655443975708735, 0.2712625302313217]",0.0,0.0,2.146636156533485,return,,,1.8,1.0,,1.0,feasible_with_soft_violation
arm,arm_c0001,307,0.328444264352815,-0.004138172422852209,0.2744555824278415,,"[0.328444264352815, -0.004138172422852209, 0.2744555824278415]",0.04806762675314349,0.0,2.106192717087829,return,,,1.8,1.0,,1.0,feasible_with_soft_violation
arm,arm_c0001,308,0.328444264352815,-0.004138172422852209,0.2744555824278415,,"[0.328444264352815, -0.004138172422852209, 0.2744555824278415]",0.0,0.0,2.106192717087829,return,,,1.8,1.0,,1.0,feasible_with_soft_violation
arm,arm_c0001,309,0.328444264352815,-0.004138172422852209,0.2744555824278415,,"[0.328444264352815, -0.004138172422852209, 0.2744555824278415]",0.0,0.0,2.106192717087829,return,,,1.8,1.0,,1.0,feasible_with_soft_violation
arm,arm_c0001,310,0.328444264352815,-0.004138172422852209,0.2744555824278415,,"[0.328444264352815, -0.004138172422852209, 0.2744555824278415]",0.0,0.0,2.106192717087829,return,,,1.8,1.0,,1.0,feasible_with_soft_violation
arm,arm_c0001,311,0.3248887313087131,-0.003620900869995683,0.2776486346243613,,"[0.3248887313087131, -0.003620900869995683, 0.2776486346243613]",0.04806762675314312,0.0,2.0661777118661435,return,,,1.8,1.0,,1.0,feasible_with_soft_violation
arm,arm_c0001,312,0.3248887313087131,-0.003620900869995683,0.2776486346243613,,"[0.3248887313087131, -0.003620900869995683, 0.2776486346243613]",0.0,0.0,2.0661777118661435,return,,,1.8,1.0,,1.0,feasible_with_soft_violation
arm,arm_c0001,313,0.3248887313087131,-0.003620900869995683,0.2776486346243613,,"[0.3248887313087131, -0.003620900869995683, 0.2776486346243613]",0.0,0.0,2.0661777118661435,return,,,1.8,1.0,,1.0,feasible_with_soft_violation
arm,arm_c0001,314,0.3248887313087131,-0.003620900869995683,0.2776486346243613,,"[0.3248887313087131, -0.003620900869995683, 0.2776486346243613]",0.0,0.0,2.0661777118661435,return,,,1.8,1.0,,1.0,feasible_with_soft_violation
arm,arm_c0001,315,0.3248887313087131,-0.003620900869995683,0.2776486346243613,,"[0.3248887313087131, -0.003620900869995683, 0.2776486346243613]",0.0,0.0,2.0661777118661435,return,,,1.8,1.0,,1.0,feasible_with_soft_violation
arm,arm_c0001,316,0.32133319826461126,-0.0031036293171391553,0.2808416868208811,,"[0.32133319826461126, -0.0031036293171391553, 0.2808416868208811]",0.04806762675314308,0.0,2.026677815302481,return,,,1.8,1.0,,1.0,feasible_with_soft_violation
arm,arm_c0001,317,0.32133319826461126,-0.0031036293171391553,0.2808416868208811,,"[0.32133319826461126, -0.0031036293171391553, 0.2808416868208811]",0.0,0.0,2.026677815302481,return,,,1.8,1.0,,1.0,feasible_with_soft_violation
arm,arm_c0001,318,0.32133319826461126,-0.0031036293171391553,0.2808416868208811,,"[0.32133319826461126, -0.0031036293171391553, 0.2808416868208811]",0.0,0.0,2.026677815302481,return,,,1.8,1.0,,1.0,feasible_with_soft_violation
arm,arm_c0001,319,0.32133319826461126,-0.0031036293171391553,0.2808416868208811,,"[0.32133319826461126, -0.0031036293171391553, 0.2808416868208811]",0.0,0.0,2.026677815302481,return,,,1.8,1.0,,1.0,feasible_with_soft_violation
arm,arm_c0001,320,0.32133319826461126,-0.0031036293171391553,0.2808416868208811,,"[0.32133319826461126, -0.0031036293171391553, 0.2808416868208811]",0.0,0.0,2.026677815302481,return,,,1.8,1.0,,1.0,feasible_with_soft_violation
arm,arm_c0001,321,0.3177776652205094,-0.002586357764282631,0.28403473901740095,,"[0.3177776652205094, -0.002586357764282631, 0.28403473901740095]",0.04806762675314348,0.0,1.9877727568740928,return,,,1.8,1.0,,1.0,feasible_with_soft_violation
arm,arm_c0001,322,0.3177776652205094,-0.002586357764282631,0.28403473901740095,,"[0.3177776652205094, -0.002586357764282631, 0.28403473901740095]",0.0,0.0,1.9877727568740928,return,,,1.8,1.0,,1.0,feasible_with_soft_violation
arm,arm_c0001,323,0.3177776652205094,-0.002586357764282631,0.28403473901740095,,"[0.3177776652205094, -0.002586357764282631, 0.28403473901740095]",0.0,0.0,1.9877727568740928,return,,,1.8,1.0,,1.0,feasible_with_soft_violation
arm,arm_c0001,324,0.3177776652205094,-0.002586357764282631,0.28403473901740095,,"[0.3177776652205094, -0.002586357764282631, 0.28403473901740095]",0.0,0.0,1.9877727568740928,return,,,1.8,1.0,,1.0,feasible_with_soft_violation
arm,arm_c0001,325,0.3177776652205094,-0.002586357764282631,0.28403473901740095,,"[0.3177776652205094, -0.002586357764282631, 0.28403473901740095]",0.0,0.0,1.9877727568740928,return,,,1.8,1.0,,1.0,feasible_with_soft_violation
arm,arm_c0001,326,0.3142221321764075,-0.0020690862114261053,0.2872277912139207,,"[0.3142221321764075, -0.0020690862114261053, 0.2872277912139207]",0.04806762675314312,0.0,1.9495349961876554,return,,,1.8,1.0,,1.0,feasible_with_soft_violation
arm,arm_c0001,327,0.3142221321764075,-0.0020690862114261053,0.2872277912139207,,"[0.3142221321764075, -0.0020690862114261053, 0.2872277912139207]",0.0,0.0,1.9495349961876554,return,,,1.8,1.0,,1.0,feasible_with_soft_violation
