robot,corridor_id,reference_source,phase,solve_index,path_point_index,trajectory_point_index,timestamp_or_s_index,x,y,z
arm,arm_c0001,raw_waypoints,approach,0,0,0,0,0.32507746916558117,0.15492085260605476,0.08307709465504234
arm,arm_c0001,raw_waypoints,approach,1,1,1,1,0.01029979134089759,-0.08105695581101197,-0.04259555767873344
arm,arm_c0001,raw_waypoints,approach,2,1,2,2,0.01029979134089759,-0.08105695581101197,-0.04259555767873344
arm,arm_c0001,raw_waypoints,approach,3,1,3,3,0.01029979134089759,-0.08105695581101197,-0.04259555767873344
arm,arm_c0001,raw_waypoints,approach,4,1,4,4,0.01029979134089759,-0.08105695581101197,-0.04259555767873344
arm,arm_c0001,raw_waypoints,approach,5,1,5,5,0.01029979134089759,-0.08105695581101197,-0.04259555767873344
arm,arm_c0001,raw_waypoints,approach,6,1,6,6,0.01029979134089759,-0.08105695581101197,-0.04259555767873344
arm,arm_c0001,raw_waypoints,approach,7,1,7,7,0.01029979134089759,-0.08105695581101197,-0.04259555767873344
arm,arm_c0001,raw_waypoints,approach,8,1,8,8,0.01029979134089759,-0.08105695581101197,-0.04259555767873344
arm,arm_c0001,raw_waypoints,approach,9,1,9,9,0.01029979134089759,-0.08105695581101197,-0.04259555767873344
arm,arm_c0001,raw_waypoints,approach,10,1,10,10,0.01029979134089759,-0.08105695581101197,-0.04259555767873344
arm,arm_c0001,raw_waypoints,approach,11,1,11,11,0.01029979134089759,-0.08105695581101197,-0.04259555767873344
arm,arm_c0001,raw_waypoints,approach,12,1,12,12,0.01029979134089759,-0.08105695581101197,-0.04259555767873344
arm,arm_c0001,raw_waypoints,approach,13,1,13,13,0.01029979134089759,-0.08105695581101197,-0.04259555767873344
arm,arm_c0001,raw_waypoints,approach,14,1,14,14,0.01029979134089759,-0.08105695581101197,-0.04259555767873344
arm,arm_c0001,raw_waypoints,approach,15,1,15,15,0.01029979134089759,-0.08105695581101197,-0.04259555767873344
arm,arm_c0001,raw_waypoints,approach,16,1,16,16,0.01029979134089759,-0.08105695581101197,-0.04259555767873344
arm,arm_c0001,raw_waypoints,approach,17,1,17,17,0.01029979134089759,-0.08105695581101197,-0.04259555767873344
arm,arm_c0001,raw_waypoints,approach,18,1,18,18,0.01029979134089759,-0.08105695581101197,-0.04259555767873344
arm,arm_c0001,raw_waypoints,approach,19,1,19,19,0.01029979134089759,-0.08105695581101197,-0.04259555767873344
arm,arm_c0001,raw_waypoints,approach,20,1,20,20,0.01029979134089759,-0.08105695581101197,-0.04259555767873344
arm,arm_c0001,raw_waypoints,approach,21,1,21,21,0.01029979134089759,-0.08105695581101197,-0.04259555767873344
arm,arm_c0001,raw_waypoints,approach,22,1,22,22,0.01029979134089759,-0.08105695581101197,-0.04259555767873344
arm,arm_c0001,raw_waypoints,approach,23,1,23,23,0.01029979134089759,-0.08105695581101197,-0.04259555767873344
arm,arm_c0001,raw_waypoints,approach,24,1,24,24,0.01029979134089759,-0.08105695581101197,-0.04259555767873344
arm,arm_c0001,raw_waypoints,approach,25,1,25,25,0.01029979134089759,-0.08105695581101197,-0.04259555767873344
arm,arm_c0001,raw_waypoints,approach,26,1,26,26,0.01029979134089759,-0.08105695581101197,-0.04259555767873344
arm,arm_c0001,raw_waypoints,approach,27,1,27,27,0.01029979134089759,-0.08105695581101197,-0.04259555767873344
arm,arm_c0001,raw_waypoints,approach,28,1,28,28,0.01029979134089759,-0.08105695581101197,-0.04259555767873344
arm,arm_c0001,raw_waypoints,approach,29,1,29,29,0.01029979134089759,-0.08105695581101197,-0.04259555767873344
arm,arm_c0001,raw_waypoints,approach,30,1,30,30,0.01029979134089759,-0.08105695581101197,-0.04259555767873344
arm,arm_c0001,raw_waypoints,approach,31,1,31,31,0.01029979134089759,-0.08105695581101197,-0.04259555767873344
arm,arm_c0001,raw_waypoints,approach,32,1,32,32,0.01029979134089759,-0.08105695581101197,-0.04259555767873344
arm,arm_c0001,raw_waypoints,approach,33,1,33,33,0.01029979134089759,-0.08105695581101197,-0.04259555767873344
arm,arm_c0001,raw_waypoints,approach,34,1,34,34,0.01029979134089759,-0.08105695581101197,-0.04259555767873344
arm,arm_c0001,raw_waypoints,approach,35,1,35,35,0.01029979134089759,-0.08105695581101197,-0.04259555767873344
arm,arm_c0001,raw_waypoints,approach,36,1,36,36,0.01029979134089759,-0.08105695581101197,-0.04259555767873344
arm,arm_c0001,raw_waypoints,approach,37,1,37,37,0.01029979134089759,-0.08105695581101197,-0.04259555767873344
arm,arm_c0001,raw_waypoints,approach,38,1,38,38,0.01029979134089759,-0.08105695581101197,-0.04259555767873344
arm,arm_c0001,raw_waypoints,approach,39,1,39,39,0.01029979134089759,-0.08105695581101197,-0.04259555767873344
arm,arm_c0001,raw_waypoints,approach,40,1,40,40,0.01029979134089759,-0.08105695581101197,-0.04259555767873344
arm,arm_c0001,raw_waypoints,approach,41,1,41,41,0.01029979134089759,-0.08105695581101197,-0.04259555767873344
arm,arm_c0001,raw_waypoints,approach,42,1,42,42,0.01029979134089759,-0.08105695581101197,-0.04259555767873344
arm,arm_c0001,raw_waypoints,approach,43,1,43,43,0.01029979134089759,-0.08105695581101197,-0.04259555767873344
arm,arm_c0001,raw_waypoints,approach,44,1,44,44,0.01029979134089759,-0.08105695581101197,-0.04259555767873344
arm,arm_c0001,raw_waypoints,approach,45,1,45,45,0.01029979134089759,-0.08105695581101197,-0.04259555767873344
arm,arm_c0001,raw_waypoints,approach,46,1,46,46,0.01029979134089759,-0.08105695581101197,-0.04259555767873344
arm,arm_c0001,raw_waypoints,approach,47,1,47,47,0.01029979134089759,-0.08105695581101197,-0.04259555767873344
arm,arm_c0001,raw_waypoints,approach,48,1,48,48,0.01029979134089759,-0.08105695581101197,-0.04259555767873344
arm,arm_c0001,raw_waypoints,approach,49,1,49,49,0.01029979134089759,-0.08105695581101197,-0.04259555767873344
arm,arm_c0001,raw_waypoints,approach,50,1,50,50,0.01029979134089759,-0.08105695581101197,-0.04259555767873344
arm,arm_c0001,raw_waypoints,approach,51,1,51,51,0.01029979134089759,-0.08105695581101197,-0.04259555767873344
arm,arm_c0001,raw_waypoints,approach,52,1,52,52,0.01029979134089759,-0.08105695581101197,-0.04259555767873344
arm,arm_c0001,raw_waypoints,approach,53,1,53,53,0.01029979134089759,-0.08105695581101197,-0.04259555767873344
arm,arm_c0001,raw_waypoints,approach,54,1,54,54,0.01029979134089759,-0.08105695581101197,-0.04259555767873344
arm,arm_c0001,raw_waypoints,approach,55,1,55,55,0.01029979134089759,-0.08105695581101197,-0.04259555767873344
arm,arm_c0001,raw_waypoints,approach,56,1,56,56,0.01029979134089759,-0.08105695581101197,-0.04259555767873344
arm,arm_c0001,raw_waypoints,approach,57,1,57,57,0.01029979134089759,-0.08105695581101197,-0.04259555767873344
arm,arm_c0001,raw_waypoints,approach,58,1,58,58,0.01029979134089759,-0.08105695581101197,-0.04259555767873344
arm,arm_c0001,raw_waypoints,approach,59,1,59,59,0.01029979134089759,-0.08105695581101197,-0.04259555767873344
arm,arm_c0001,raw_waypoints,approach,60,1,60,60,0.01029979134089759,-0.08105695581101197,-0.04259555767873344
arm,arm_c0001,raw_waypoints,approach,61,1,61,61,0.01029979134089759,-0.08105695581101197,-0.04259555767873344
arm,arm_c0001,raw_waypoints,approach,62,1,62,62,0.01029979134089759,-0.08105695581101197,-0.04259555767873344
arm,arm_c0001,raw_waypoints,approach,63,1,63,63,0.01029979134089759,-0.08105695581101197,-0.04259555767873344
arm,arm_c0001,raw_waypoints,approach,64,1,64,64,0.01029979134089759,-0.08105695581101197,-0.04259555767873344
arm,arm_c0001,raw_waypoints,approach,65,1,65,65,0.01029979134089759,-0.08105695581101197,-0.04259555767873344
arm,arm_c0001,raw_waypoints,approach,66,1,66,66,0.01029979134089759,-0.08105695581101197,-0.04259555767873344
arm,arm_c0001,raw_waypoints,approach,67,1,67,67,0.01029979134089759,-0.08105695581101197,-0.04259555767873344
arm,arm_c0001,raw_waypoints,approach,68,1,68,68,0.01029979134089759,-0.08105695581101197,-0.04259555767873344
arm,arm_c0001,raw_waypoints,approach,69,1,69,69,0.01029979134089759,-0.08105695581101197,-0.04259555767873344
arm,arm_c0001,raw_waypoints,approach,70,1,70,70,0.01029979134089759,-0.08105695581101197,-0.04259555767873344
arm,arm_c0001,raw_waypoints,approach,71,0,71,71,0.01029979134089759,-0.08105695581101197,-0.04259555767873344
arm,arm_c0001,raw_waypoints,approach,72,1,72,72,0.141059111960038,-0.29446619867920165,0.1322454703472103
arm,arm_c0001,raw_waypoints,approach,73,1,73,73,0.141059111960038,-0.29446619867920165,0.1322454703472103
arm,arm_c0001,raw_waypoints,approach,74,1,74,74,0.141059111960038,-0.29446619867920165,0.1322454703472103
arm,arm_c0001,raw_waypoints,approach,75,1,75,75,0.141059111960038,-0.29446619867920165,0.1322454703472103
arm,arm_c0001,raw_waypoints,approach,76,1,76,76,0.141059111960038,-0.29446619867920165,0.1322454703472103
arm,arm_c0001,raw_waypoints,approach,77,1,77,77,0.141059111960038,-0.29446619867920165,0.1322454703472103
arm,arm_c0001,raw_waypoints,approach,78,1,78,78,0.141059111960038,-0.29446619867920165,0.1322454703472103
arm,arm_c0001,raw_waypoints,approach,79,1,79,79,0.141059111960038,-0.29446619867920165,0.1322454703472103
arm,arm_c0001,raw_waypoints,approach,80,1,80,80,0.141059111960038,-0.29446619867920165,0.1322454703472103
arm,arm_c0001,raw_waypoints,approach,81,1,81,81,0.141059111960038,-0.29446619867920165,0.1322454703472103
arm,arm_c0001,raw_waypoints,approach,82,1,82,82,0.141059111960038,-0.29446619867920165,0.1322454703472103
arm,arm_c0001,raw_waypoints,approach,83,1,83,83,0.141059111960038,-0.29446619867920165,0.1322454703472103
arm,arm_c0001,raw_waypoints,approach,84,1,84,84,0.141059111960038,-0.29446619867920165,0.1322454703472103
arm,arm_c0001,raw_waypoints,approach,85,1,85,85,0.141059111960038,-0.29446619867920165,0.1322454703472103
arm,arm_c0001,raw_waypoints,approach,86,1,86,86,0.141059111960038,-0.29446619867920165,0.1322454703472103
arm,arm_c0001,raw_waypoints,approach,87,1,87,87,0.141059111960038,-0.29446619867920165,0.1322454703472103
arm,arm_c0001,raw_waypoints,approach,88,1,88,88,0.141059111960038,-0.29446619867920165,0.1322454703472103
arm,arm_c0001,raw_waypoints,approach,89,1,89,89,0.141059111960038,-0.29446619867920165,0.1322454703472103
arm,arm_c0001,raw_waypoints,approach,90,1,90,90,0.141059111960038,-0.29446619867920165,0.1322454703472103
arm,arm_c0001,raw_waypoints,approach,91,1,91,91,0.141059111960038,-0.29446619867920165,0.1322454703472103
arm,arm_c0001,raw_waypoints,approach,92,1,92,92,0.141059111960038,-0.29446619867920165,0.1322454703472103
arm,arm_c0001,raw_waypoints,approach,93,1,93,93,0.141059111960038,-0.29446619867920165,0.1322454703472103
arm,arm_c0001,raw_waypoints,approach,94,1,94,94,0.141059111960038,-0.29446619867920165,0.1322454703472103
arm,arm_c0001,raw_waypoints,approach,95,1,95,95,0.141059111960038,-0.29446619867920165,0.1322454703472103
arm,arm_c0001,raw_waypoints,approach,96,1,96,96,0.141059111960038,-0.29446619867920165,0.1322454703472103
arm,arm_c0001,raw_waypoints,approach,97,1,97,97,0.141059111960038,-0.29446619867920165,0.1322454703472103
arm,arm_c0001,raw_waypoints,approach,98,1,98,98,0.141059111960038,-0.29446619867920165,0.1322454703472103
arm,arm_c0001,raw_waypoints,approach,99,1,99,99,0.141059111960038,-0.29446619867920165,0.1322454703472103
arm,arm_c0001,raw_waypoints,approach,100,1,100,100,0.141059111960038,-0.29446619867920165,0.1322454703472103
arm,arm_c0001,raw_waypoints,approach,101,1,101,101,0.141059111960038,-0.29446619867920165,0.1322454703472103
arm,arm_c0001,raw_waypoints,approach,102,1,102,102,0.141059111960038,-0.29446619867920165,0.1322454703472103
arm,arm_c0001,raw_waypoints,approach,103,1,103,103,0.141059111960038,-0.29446619867920165,0.1322454703472103
arm,arm_c0001,raw_waypoints,approach,104,1,104,104,0.141059111960038,-0.29446619867920165,0.1322454703472103
arm,arm_c0001,raw_waypoints,approach,105,1,105,105,0.141059111960038,-0.29446619867920165,0.1322454703472103
arm,arm_c0001,raw_waypoints,approach,106,1,106,106,0.141059111960038,-0.29446619867920165,0.1322454703472103
arm,arm_c0001,raw_waypoints,approach,107,1,107,107,0.141059111960038,-0.29446619867920165,0.1322454703472103
arm,arm_c0001,raw_waypoints,approach,108,1,108,108,0.141059111960038,-0.29446619867920165,0.1322454703472103
arm,arm_c0001,raw_waypoints,approach,109,1,109,109,0.141059111960038,-0.29446619867920165,0.1322454703472103
arm,arm_c0001,raw_waypoints,approach,110,1,110,110,0.141059111960038,-0.29446619867920165,0.1322454703472103
arm,arm_c0001,raw_waypoints,approach,111,1,111,111,0.141059111960038,-0.29446619867920165,0.1322454703472103
arm,arm_c0001,raw_waypoints,approach,112,1,112,112,0.141059111960038,-0.29446619867920165,0.1322454703472103
arm,arm_c0001,raw_waypoints,approach,113,1,113,113,0.141059111960038,-0.29446619867920165,0.1322454703472103
arm,arm_c0001,raw_waypoints,approach,114,1,114,114,0.141059111960038,-0.29446619867920165,0.1322454703472103
arm,arm_c0001,raw_waypoints,approach,115,1,115,115,0.141059111960038,-0.29446619867920165,0.1322454703472103
arm,arm_c0001,raw_waypoints,approach,116,1,116,116,0.141059111960038,-0.29446619867920165,0.1322454703472103
arm,arm_c0001,raw_waypoints,approach,117,1,117,117,0.141059111960038,-0.29446619867920165,0.1322454703472103
arm,arm_c0001,raw_waypoints,approach,118,1,118,118,0.141059111960038,-0.29446619867920165,0.1322454703472103
arm,arm_c0001,raw_waypoints,approach,119,1,119,119,0.141059111960038,-0.29446619867920165,0.1322454703472103
arm,arm_c0001,raw_waypoints,approach,120,1,120,120,0.141059111960038,-0.29446619867920165,0.1322454703472103
arm,arm_c0001,raw_waypoints,approach,121,1,121,121,0.141059111960038,-0.29446619867920165,0.1322454703472103
arm,arm_c0001,raw_waypoints,approach,122,1,122,122,0.141059111960038,-0.29446619867920165,0.1322454703472103
arm,arm_c0001,raw_waypoints,approach,123,1,123,123,0.141059111960038,-0.29446619867920165,0.1322454703472103
arm,arm_c0001,raw_waypoints,approach,124,1,124,124,0.141059111960038,-0.29446619867920165,0.1322454703472103
arm,arm_c0001,raw_waypoints,approach,125,0,125,125,0.141059111960038,-0.29446619867920165,0.1322454703472103
arm,arm_c0001,raw_waypoints,approach,126,1,126,126,0.42,0.0,0.21
arm,arm_c0001,raw_waypoints,approach,127,1,127,127,0.42,0.0,0.21
arm,arm_c0001,raw_waypoints,approach,128,1,128,128,0.42,0.0,0.21
arm,arm_c0001,raw_waypoints,approach,129,1,129,129,0.42,0.0,0.21
arm,arm_c0001,raw_waypoints,approach,130,1,130,130,0.42,0.0,0.21
arm,arm_c0001,raw_waypoints,approach,131,1,131,131,0.42,0.0,0.21
arm,arm_c0001,raw_waypoints,approach,132,1,132,132,0.42,0.0,0.21
arm,arm_c0001,raw_waypoints,approach,133,1,133,133,0.42,0.0,0.21
arm,arm_c0001,raw_waypoints,approach,134,1,134,134,0.42,0.0,0.21
arm,arm_c0001,raw_waypoints,approach,135,1,135,135,0.42,0.0,0.21
arm,arm_c0001,raw_waypoints,approach,136,1,136,136,0.42,0.0,0.21
arm,arm_c0001,raw_waypoints,approach,137,1,137,137,0.42,0.0,0.21
arm,arm_c0001,raw_waypoints,approach,138,1,138,138,0.42,0.0,0.21
arm,arm_c0001,raw_waypoints,approach,139,1,139,139,0.42,0.0,0.21
arm,arm_c0001,raw_waypoints,approach,140,1,140,140,0.42,0.0,0.21
arm,arm_c0001,raw_waypoints,approach,141,1,141,141,0.42,0.0,0.21
arm,arm_c0001,raw_waypoints,approach,142,1,142,142,0.42,0.0,0.21
arm,arm_c0001,raw_waypoints,approach,143,1,143,143,0.42,0.0,0.21
arm,arm_c0001,raw_waypoints,approach,144,1,144,144,0.42,0.0,0.21
arm,arm_c0001,raw_waypoints,approach,145,1,145,145,0.42,0.0,0.21
arm,arm_c0001,raw_waypoints,approach,146,1,146,146,0.42,0.0,0.21
arm,arm_c0001,raw_waypoints,approach,147,1,147,147,0.42,0.0,0.21
arm,arm_c0001,raw_waypoints,approach,148,1,148,148,0.42,0.0,0.21
arm,arm_c0001,raw_waypoints,approach,149,1,149,149,0.42,0.0,0.21
arm,arm_c0001,raw_waypoints,approach,150,1,150,150,0.42,0.0,0.21
arm,arm_c0001,raw_waypoints,approach,151,1,151,151,0.42,0.0,0.21
arm,arm_c0001,raw_waypoints,approach,152,1,152,152,0.42,0.0,0.21
arm,arm_c0001,raw_waypoints,approach,153,1,153,153,0.42,0.0,0.21
arm,arm_c0001,raw_waypoints,approach,154,1,154,154,0.42,0.0,0.21
arm,arm_c0001,raw_waypoints,approach,155,1,155,155,0.42,0.0,0.21
arm,arm_c0001,raw_waypoints,approach,156,1,156,156,0.42,0.0,0.21
arm,arm_c0001,raw_waypoints,approach,157,1,157,157,0.42,0.0,0.21
arm,arm_c0001,raw_waypoints,approach,158,1,158,158,0.42,0.0,0.21
arm,arm_c0001,raw_waypoints,approach,159,1,159,159,0.42,0.0,0.21
arm,arm_c0001,raw_waypoints,approach,160,1,160,160,0.42,0.0,0.21
arm,arm_c0001,raw_waypoints,approach,161,1,161,161,0.42,0.0,0.21
arm,arm_c0001,raw_waypoints,approach,162,1,162,162,0.42,0.0,0.21
arm,arm_c0001,raw_waypoints,approach,163,1,163,163,0.42,0.0,0.21
arm,arm_c0001,raw_waypoints,approach,164,1,164,164,0.42,0.0,0.21
arm,arm_c0001,raw_waypoints,approach,165,1,165,165,0.42,0.0,0.21
arm,arm_c0001,raw_waypoints,approach,166,1,166,166,0.42,0.0,0.21
arm,arm_c0001,raw_waypoints,approach,167,1,167,167,0.42,0.0,0.21
arm,arm_c0001,raw_waypoints,approach,168,1,168,168,0.42,0.0,0.21
arm,arm_c0001,raw_waypoints,approach,169,1,169,169,0.42,0.0,0.21
arm,arm_c0001,raw_waypoints,approach,170,1,170,170,0.42,0.0,0.21
arm,arm_c0001,raw_waypoints,approach,171,1,171,171,0.42,0.0,0.21
arm,arm_c0001,raw_waypoints,approach,172,1,172,172,0.42,0.0,0.21
arm,arm_c0001,raw_waypoints,approach,173,1,173,173,0.42,0.0,0.21
arm,arm_c0001,raw_waypoints,approach,174,1,174,174,0.42,0.0,0.21
arm,arm_c0001,raw_waypoints,approach,175,1,175,175,0.42,0.0,0.21
arm,arm_c0001,raw_waypoints,approach,176,1,176,176,0.42,0.0,0.21
arm,arm_c0001,raw_waypoints,approach,177,1,177,177,0.42,0.0,0.21
arm,arm_c0001,raw_waypoints,approach,178,1,178,178,0.42,0.0,0.21
arm,arm_c0001,raw_waypoints,approach,179,1,179,179,0.42,0.0,0.21
arm,arm_c0001,raw_waypoints,approach,180,1,180,180,0.42,0.0,0.21
arm,arm_c0001,raw_waypoints,approach,181,1,181,181,0.42,0.0,0.21
arm,arm_c0001,raw_waypoints,approach,182,1,182,182,0.42,0.0,0.21
arm,arm_c0001,raw_waypoints,approach,183,1,183,183,0.42,0.0,0.21
arm,arm_c0001,raw_waypoints,approach,184,1,184,184,0.42,0.0,0.21
arm,arm_c0001,raw_waypoints,approach,185,1,185,185,0.42,0.0,0.21
arm,arm_c0001,raw_waypoints,approach,186,1,186,186,0.42,0.0,0.21
arm,arm_c0001,raw_waypoints,approach,187,1,187,187,0.42,0.0,0.21
arm,arm_c0001,raw_waypoints,approach,188,1,188,188,0.42,0.0,0.21
arm,arm_c0001,raw_waypoints,approach,189,1,189,189,0.42,0.0,0.21
arm,arm_c0001,raw_waypoints,approach,190,1,190,190,0.42,0.0,0.21
arm,arm_c0001,raw_waypoints,approach,191,1,191,191,0.42,0.0,0.21
arm,arm_c0001,raw_waypoints,approach,192,1,192,192,0.42,0.0,0.21
arm,arm_c0001,raw_waypoints,approach,193,1,193,193,0.42,0.0,0.21
arm,arm_c0001,raw_waypoints,approach,194,1,194,194,0.42,0.0,0.21
arm,arm_c0001,raw_waypoints,approach,195,1,195,195,0.42,0.0,0.21
arm,arm_c0001,raw_waypoints,approach,196,1,196,196,0.42,0.0,0.21
arm,arm_c0001,raw_waypoints,approach,197,1,197,197,0.42,0.0,0.21
arm,arm_c0001,raw_waypoints,approach,198,1,198,198,0.42,0.0,0.21
arm,arm_c0001,raw_waypoints,approach,199,1,199,199,0.42,0.0,0.21
arm,arm_c0001,raw_waypoints,approach,200,1,200,200,0.42,0.0,0.21
arm,arm_c0001,raw_waypoints,approach,201,1,201,201,0.42,0.0,0.21
arm,arm_c0001,raw_waypoints,approach,202,1,202,202,0.42,0.0,0.21
arm,arm_c0001,raw_waypoints,approach,203,1,203,203,0.42,0.0,0.21
arm,arm_c0001,raw_waypoints,approach,204,1,204,204,0.42,0.0,0.21
arm,arm_c0001,raw_waypoints,approach,205,1,205,205,0.42,0.0,0.21
arm,arm_c0001,raw_waypoints,approach,206,1,206,206,0.42,0.0,0.21
arm,arm_c0001,raw_waypoints,approach,207,1,207,207,0.42,0.0,0.21
arm,arm_c0001,raw_waypoints,approach,208,1,208,208,0.42,0.0,0.21
arm,arm_c0001,raw_waypoints,approach,209,1,209,209,0.42,0.0,0.21
arm,arm_c0001,raw_waypoints,approach,210,1,210,210,0.42,0.0,0.21
arm,arm_c0001,raw_waypoints,approach,211,1,211,211,0.42,0.0,0.21
arm,arm_c0001,raw_waypoints,approach,212,1,212,212,0.42,0.0,0.21
arm,arm_c0001,raw_waypoints,approach,213,1,213,213,0.42,0.0,0.21
arm,arm_c0001,raw_waypoints,approach,214,1,214,214,0.42,0.0,0.21
arm,arm_c0001,raw_waypoints,approach,215,1,215,215,0.42,0.0,0.21
arm,arm_c0001,raw_waypoints,approach,216,1,216,216,0.42,0.0,0.21
arm,arm_c0001,raw_waypoints,approach,217,1,217,217,0.42,0.0,0.21
arm,arm_c0001,raw_waypoints,approach,218,1,218,218,0.42,0.0,0.21
arm,arm_c0001,raw_waypoints,approach,219,1,219,219,0.42,0.0,0.21
arm,arm_c0001,raw_waypoints,approach,220,1,220,220,0.42,0.0,0.21
arm,arm_c0001,raw_waypoints,approach,221,1,221,221,0.42,0.0,0.21
arm,arm_c0001,raw_waypoints,approach,222,1,222,222,0.42,0.0,0.21
arm,arm_c0001,raw_waypoints,approach,223,1,223,223,0.42,0.0,0.21
arm,arm_c0001,raw_waypoints,approach,224,1,224,224,0.42,0.0,0.21
arm,arm_c0001,raw_waypoints,approach,225,1,225,225,0.42,0.0,0.21
arm,arm_c0001,raw_waypoints,approach,226,1,226,226,0.42,0.0,0.21
arm,arm_c0001,raw_waypoints,approach,227,1,227,227,0.42,0.0,0.21
arm,arm_c0001,raw_waypoints,approach,228,1,228,228,0.42,0.0,0.21
arm,arm_c0001,raw_waypoints,approach,229,1,229,229,0.42,0.0,0.21
arm,arm_c0001,raw_waypoints,approach,230,1,230,230,0.42,0.0,0.21
arm,arm_c0001,raw_waypoints,handover,231,0,231,231,0.42,0.0,0.21
arm,arm_c0001,raw_waypoints,handover,232,0,232,232,0.42,0.0,0.21
arm,arm_c0001,raw_waypoints,handover,233,0,233,233,0.42,0.0,0.21
arm,arm_c0001,raw_waypoints,handover,234,0,234,234,0.42,0.0,0.21
arm,arm_c0001,raw_waypoints,handover,235,0,235,235,0.42,0.0,0.21
arm,arm_c0001,raw_waypoints,handover,236,0,236,236,0.42,0.0,0.21
arm,arm_c0001,raw_waypoints,handover,237,0,237,237,0.42,0.0,0.21
arm,arm_c0001,raw_waypoints,handover,238,0,238,238,0.42,0.0,0.21
arm,arm_c0001,raw_waypoints,handover,239,0,239,239,0.42,0.0,0.21
arm,arm_c0001,raw_waypoints,handover,240,0,240,240,0.42,0.0,0.21
arm,arm_c0001,raw_waypoints,handover,241,0,241,241,0.42,0.0,0.21
arm,arm_c0001,raw_waypoints,handover,242,0,242,242,0.42,0.0,0.21
arm,arm_c0001,raw_waypoints,return,243,0,243,243,0.40311045827895436,-0.015000875032839256,0.20740148630092542
arm,arm_c0001,raw_waypoints,return,244,1,244,244,0.3995549252348525,-0.01448360347998273,0.21059453849744522
arm,arm_c0001,raw_waypoints,return,245,2,245,245,0.3959993921907506,-0.013966331927126204,0.21378759069396505
arm,arm_c0001,raw_waypoints,return,246,3,246,246,0.39244385914664875,-0.013449060374269678,0.21698064289048485
arm,arm_c0001,raw_waypoints,return,247,4,247,247,0.38888832610254687,-0.012931788821413152,0.22017369508700468
arm,arm_c0001,raw_waypoints,return,248,5,248,248,0.385332793058445,-0.012414517268556625,0.22336674728352449
arm,arm_c0001,raw_waypoints,return,249,6,249,249,0.3817772600143431,-0.0118972457157001,0.2265597994800443
arm,arm_c0001,raw_waypoints,return,250,7,250,250,0.37822172697024126,-0.011379974162843573,0.22975285167656412
arm,arm_c0001,raw_waypoints,return,251,8,251,251,0.37466619392613937,-0.010862702609987047,0.23294590387308392
arm,arm_c0001,raw_waypoints,return,252,9,252,252,0.3711106608820375,-0.010345431057130521,0.23613895606960372
arm,arm_c0001,raw_waypoints,return,253,9,253,253,0.3711106608820375,-0.010345431057130521,0.23613895606960372
arm,arm_c0001,raw_waypoints,return,254,9,254,254,0.3711106608820375,-0.010345431057130521,0.23613895606960372
arm,arm_c0001,raw_waypoints,return,255,9,255,255,0.3711106608820375,-0.010345431057130521,0.23613895606960372
arm,arm_c0001,raw_waypoints,return,256,9,256,256,0.3711106608820375,-0.010345431057130521,0.23613895606960372
arm,arm_c0001,raw_waypoints,return,257,10,257,257,0.3675551278379356,-0.009828159504273995,0.23933200826612355
arm,arm_c0001,raw_waypoints,return,258,10,258,258,0.3675551278379356,-0.009828159504273995,0.23933200826612355
arm,arm_c0001,raw_waypoints,return,259,10,259,259,0.3675551278379356,-0.009828159504273995,0.23933200826612355
arm,arm_c0001,raw_waypoints,return,260,10,260,260,0.3675551278379356,-0.009828159504273995,0.23933200826612355
arm,arm_c0001,raw_waypoints,return,261,11,261,261,0.36399959479383376,-0.00931088795141747,0.24252506046264335
arm,arm_c0001,raw_waypoints,return,262,11,262,262,0.36399959479383376,-0.00931088795141747,0.24252506046264335
arm,arm_c0001,raw_waypoints,return,263,11,263,263,0.36399959479383376,-0.00931088795141747,0.24252506046264335
arm,arm_c0001,raw_waypoints,return,264,11,264,264,0.36399959479383376,-0.00931088795141747,0.24252506046264335
arm,arm_c0001,raw_waypoints,return,265,11,265,265,0.36399959479383376,-0.00931088795141747,0.24252506046264335
arm,arm_c0001,raw_waypoints,return,266,12,266,266,0.36044406174973187,-0.008793616398560944,0.24571811265916316
arm,arm_c0001,raw_waypoints,return,267,12,267,267,0.36044406174973187,-0.008793616398560944,0.24571811265916316
arm,arm_c0001,raw_waypoints,return,268,12,268,268,0.36044406174973187,-0.008793616398560944,0.24571811265916316
arm,arm_c0001,raw_waypoints,return,269,12,269,269,0.36044406174973187,-0.008793616398560944,0.24571811265916316
arm,arm_c0001,raw_waypoints,return,270,13,270,270,0.35688852870563,-0.008276344845704418,0.248911164855683
arm,arm_c0001,raw_waypoints,return,271,13,271,271,0.35688852870563,-0.008276344845704418,0.248911164855683
arm,arm_c0001,raw_waypoints,return,272,13,272,272,0.35688852870563,-0.008276344845704418,0.248911164855683
arm,arm_c0001,raw_waypoints,return,273,13,273,273,0.35688852870563,-0.008276344845704418,0.248911164855683
arm,arm_c0001,raw_waypoints,return,274,13,274,274,0.35688852870563,-0.008276344845704418,0.248911164855683
arm,arm_c0001,raw_waypoints,return,275,14,275,275,0.3533329956615281,-0.007759073292847892,0.2521042170522028
arm,arm_c0001,raw_waypoints,return,276,14,276,276,0.3533329956615281,-0.007759073292847892,0.2521042170522028
arm,arm_c0001,raw_waypoints,return,277,14,277,277,0.3533329956615281,-0.007759073292847892,0.2521042170522028
arm,arm_c0001,raw_waypoints,return,278,14,278,278,0.3533329956615281,-0.007759073292847892,0.2521042170522028
arm,arm_c0001,raw_waypoints,return,279,14,279,279,0.3533329956615281,-0.007759073292847892,0.2521042170522028
arm,arm_c0001,raw_waypoints,return,280,15,280,280,0.34977746261742626,-0.007241801739991364,0.2552972692487226
arm,arm_c0001,raw_waypoints,return,281,15,281,281,0.34977746261742626,-0.007241801739991364,0.2552972692487226
arm,arm_c0001,raw_waypoints,return,282,15,282,282,0.34977746261742626,-0.007241801739991364,0.2552972692487226
arm,arm_c0001,raw_waypoints,return,283,15,283,283,0.34977746261742626,-0.007241801739991364,0.2552972692487226
arm,arm_c0001,raw_waypoints,return,284,16,284,284,0.34622192957332437,-0.006724530187134838,0.2584903214452424
arm,arm_c0001,raw_waypoints,return,285,16,285,285,0.34622192957332437,-0.006724530187134838,0.2584903214452424
arm,arm_c0001,raw_waypoints,return,286,16,286,286,0.34622192957332437,-0.006724530187134838,0.2584903214452424
arm,arm_c0001,raw_waypoints,return,287,16,287,287,0.34622192957332437,-0.006724530187134838,0.2584903214452424
arm,arm_c0001,raw_waypoints,return,288,17,288,288,0.3426663965292225,-0.006207258634278314,0.26168337364176225
arm,arm_c0001,raw_waypoints,return,289,17,289,289,0.3426663965292225,-0.006207258634278314,0.26168337364176225
arm,arm_c0001,raw_waypoints,return,290,17,290,290,0.3426663965292225,-0.006207258634278314,0.26168337364176225
arm,arm_c0001,raw_waypoints,return,291,17,291,291,0.3426663965292225,-0.006207258634278314,0.26168337364176225
arm,arm_c0001,raw_waypoints,return,292,17,292,292,0.3426663965292225,-0.006207258634278314,0.26168337364176225
arm,arm_c0001,raw_waypoints,return,293,18,293,293,0.3391108634851206,-0.0056899870814217865,0.2648764258382821
arm,arm_c0001,raw_waypoints,return,294,18,294,294,0.3391108634851206,-0.0056899870814217865,0.2648764258382821
arm,arm_c0001,raw_waypoints,return,295,18,295,295,0.3391108634851206,-0.0056899870814217865,0.2648764258382821
arm,arm_c0001,raw_waypoints,return,296,18,296,296,0.3391108634851206,-0.0056899870814217865,0.2648764258382821
arm,arm_c0001,raw_waypoints,return,297,19,297,297,0.33555533044101876,-0.005172715528565261,0.26806947803480186
arm,arm_c0001,raw_waypoints,return,298,19,298,298,0.33555533044101876,-0.005172715528565261,0.26806947803480186
arm,arm_c0001,raw_waypoints,return,299,19,299,299,0.33555533044101876,-0.005172715528565261,0.26806947803480186
arm,arm_c0001,raw_waypoints,return,300,19,300,300,0.33555533044101876,-0.005172715528565261,0.26806947803480186
arm,arm_c0001,raw_waypoints,return,301,19,301,301,0.33555533044101876,-0.005172715528565261,0.26806947803480186
arm,arm_c0001,raw_waypoints,return,302,20,302,302,0.3319997973969169,-0.004655443975708735,0.2712625302313217
arm,arm_c0001,raw_waypoints,return,303,20,303,303,0.3319997973969169,-0.004655443975708735,0.2712625302313217
arm,arm_c0001,raw_waypoints,return,304,20,304,304,0.3319997973969169,-0.004655443975708735,0.2712625302313217
arm,arm_c0001,raw_waypoints,return,305,20,305,305,0.3319997973969169,-0.004655443975708735,0.2712625302313217
arm,arm_c0001,raw_waypoints,return,306,20,306,306,0.3319997973969169,-0.004655443975708735,0.2712625302313217
arm,arm_c0001,raw_waypoints,return,307,21,307,307,0.328444264352815,-0.004138172422852209,0.2744555824278415
arm,arm_c0001,raw_waypoints,return,308,21,308,308,0.328444264352815,-0.004138172422852209,0.2744555824278415
arm,arm_c0001,raw_waypoints,return,309,21,309,309,0.328444264352815,-0.004138172422852209,0.2744555824278415
arm,arm_c0001,raw_waypoints,return,310,21,310,310,0.328444264352815,-0.004138172422852209,0.2744555824278415
arm,arm_c0001,raw_waypoints,return,311,22,311,311,0.3248887313087131,-0.003620900869995683,0.2776486346243613
arm,arm_c0001,raw_waypoints,return,312,22,312,312,0.3248887313087131,-0.003620900869995683,0.2776486346243613
arm,arm_c0001,raw_waypoints,return,313,22,313,313,0.3248887313087131,-0.003620900869995683,0.2776486346243613
arm,arm_c0001,raw_waypoints,return,314,22,314,314,0.3248887313087131,-0.003620900869995683,0.2776486346243613
arm,arm_c0001,raw_waypoints,return,315,22,315,315,0.3248887313087131,-0.003620900869995683,0.2776486346243613
arm,arm_c0001,raw_waypoints,return,316,23,316,316,0.32133319826461126,-0.0031036293171391553,0.2808416868208811
arm,arm_c0001,raw_waypoints,return,317,23,317,317,0.32133319826461126,-0.0031036293171391553,0.2808416868208811
arm,arm_c0001,raw_waypoints,return,318,23,318,318,0.32133319826461126,-0.0031036293171391553,0.2808416868208811
arm,arm_c0001,raw_waypoints,return,319,23,319,319,0.32133319826461126,-0.0031036293171391553,0.2808416868208811
arm,arm_c0001,raw_waypoints,return,320,23,320,320,0.32133319826461126,-0.0031036293171391553,0.2808416868208811
arm,arm_c0001,raw_waypoints,return,321,24,321,321,0.3177776652205094,-0.002586357764282631,0.28403473901740095
arm,arm_c0001,raw_waypoints,return,322,24,322,322,0.3177776652205094,-0.002586357764282631,0.28403473901740095
arm,arm_c0001,raw_waypoints,return,323,24,323,323,0.3177776652205094,-0.002586357764282631,0.28403473901740095
arm,arm_c0001,raw_waypoints,return,324,24,324,324,0.3177776652205094,-0.002586357764282631,0.28403473901740095
arm,arm_c0001,raw_waypoints,return,325,24,325,325,0.3177776652205094,-0.002586357764282631,0.28403473901740095
arm,arm_c0001,raw_waypoints,return,326,25,326,326,0.3142221321764075,-0.0020690862114261053,0.2872277912139207
arm,arm_c0001,raw_waypoints,return,327,25,327,327,0.3142221321764075,-0.0020690862114261053,0.2872277912139207
arm,arm_c0001,raw_waypoints,return,328,25,328,328,0.3142221321764075,-0.0020690862114261053,0.2872277912139207
arm,arm_c0001,raw_waypoints,return,329,25,329,329,0.3142221321764075,-0.0020690862114261053,0.2872277912139207
arm,arm_c0001,raw_waypoints,return,330,25,330,330,0.3142221321764075,-0.0020690862114261053,0.2872277912139207
arm,arm_c0001,raw_waypoints,return,331,25,331,331,0.3142221321764075,-0.0020690862114261053,0.2872277912139207
arm,arm_c0001,raw_waypoints,return,332,26,332,332,0.3106665991323056,-0.0015518146585695777,0.29042084341044055
arm,arm_c0001,raw_waypoints,return,333,26,333,333,0.3106665991323056,-0.0015518146585695777,0.29042084341044055
arm,arm_c0001,raw_waypoints,return,334,26,334,334,0.3106665991323056,-0.0015518146585695777,0.29042084341044055
arm,arm_c0001,raw_waypoints,return,335,26,335,335,0.3106665991323056,-0.0015518146585695777,0.29042084341044055
arm,arm_c0001,raw_waypoints,return,336,27,336,336,0.3071110660882037,-0.0010345431057130518,0.2936138956069604
arm,arm_c0001,raw_waypoints,return,337,27,337,337,0.3071110660882037,-0.0010345431057130518,0.2936138956069604
arm,arm_c0001,raw_waypoints,return,338,27,338,338,0.3071110660882037,-0.0010345431057130518,0.2936138956069604
arm,arm_c0001,raw_waypoints,return,339,27,339,339,0.3071110660882037,-0.0010345431057130518,0.2936138956069604
arm,arm_c0001,raw_waypoints,return,340,27,340,340,0.3071110660882037,-0.0010345431057130518,0.2936138956069604
arm,arm_c0001,raw_waypoints,return,341,28,341,341,0.3035555330441019,-0.0005172715528565276,0.29680694780348016
arm,arm_c0001,raw_waypoints,return,342,28,342,342,0.3035555330441019,-0.0005172715528565276,0.29680694780348016
arm,arm_c0001,raw_waypoints,return,343,28,343,343,0.3035555330441019,-0.0005172715528565276,0.29680694780348016
arm,arm_c0001,raw_waypoints,return,344,28,344,344,0.3035555330441019,-0.0005172715528565276,0.29680694780348016
arm,arm_c0001,raw_waypoints,return,345,28,345,345,0.3035555330441019,-0.0005172715528565276,0.29680694780348016
arm,arm_c0001,raw_waypoints,return,346,29,346,346,0.3,0.0,0.3
arm,arm_c0001,raw_waypoints,return,347,29,347,347,0.3,0.0,0.3
arm,arm_c0001,raw_waypoints,return,348,29,348,348,0.3,0.0,0.3
arm,arm_c0001,raw_waypoints,return,349,29,349,349,0.3,0.0,0.3
